loja;caiu;voltou;tempo
"CENTRAL AGUIAR";"01/04/2024 09:01:12";"01/04/2024 09:01:42";0
"CENTRAL AGUIAR";"01/04/2024 09:05:12";"01/04/2024 09:05:42";0
"CENTRAL AGUIAR";"01/04/2024 09:09:13";"01/04/2024 09:09:43";0
"CENTRAL AGUIAR";"01/04/2024 09:13:12";"01/04/2024 09:13:42";0
"CENTRAL AGUIAR";"01/04/2024 09:17:13";"01/04/2024 09:17:43";0
"CENTRAL AGUIAR";"01/04/2024 09:21:13";"01/04/2024 09:21:42";0
"CENTRAL AGUIAR";"01/04/2024 09:25:13";"01/04/2024 09:25:43";0
"CENTRAL AGUIAR";"01/04/2024 09:29:13";"01/04/2024 09:29:43";0
"CENTRAL AGUIAR";"01/04/2024 09:33:13";"01/04/2024 09:33:43";0
"CENTRAL AGUIAR";"01/04/2024 09:37:13";"01/04/2024 09:37:43";0
"CENTRAL AGUIAR";"01/04/2024 09:39:43";"01/04/2024 09:40:13";1
"CENTRAL AGUIAR";"01/04/2024 09:42:13";"01/04/2024 09:42:43";0
"CENTRAL AGUIAR";"01/04/2024 09:46:13";"01/04/2024 09:46:43";0
"CENTRAL AGUIAR";"01/04/2024 09:50:13";"01/04/2024 09:50:43";0
"CENTRAL AGUIAR";"01/04/2024 09:54:13";"01/04/2024 09:54:43";0
"CENTRAL AGUIAR";"01/04/2024 09:55:43";"01/04/2024 09:56:13";1
"CENTRAL AGUIAR";"01/04/2024 09:57:13";"01/04/2024 09:57:43";0
"CENTRAL AGUIAR";"01/04/2024 09:58:14";"01/04/2024 09:58:44";0
"CENTRAL AGUIAR";"01/04/2024 10:02:13";"01/04/2024 10:02:43";0
"CENTRAL AGUIAR";"01/04/2024 10:06:14";"01/04/2024 10:06:44";0
"CENTRAL AGUIAR";"01/04/2024 10:10:14";"01/04/2024 10:10:44";0
"CENTRAL AGUIAR";"01/04/2024 10:11:44";"01/04/2024 10:12:14";1
"CENTRAL AGUIAR";"01/04/2024 10:14:14";"01/04/2024 10:14:44";0
"CENTRAL AGUIAR";"01/04/2024 10:18:14";"01/04/2024 10:18:44";0
"CENTRAL AGUIAR";"01/04/2024 10:22:14";"01/04/2024 10:22:44";0
"CENTRAL AGUIAR";"01/04/2024 10:26:14";"01/04/2024 10:26:44";0
"CENTRAL AGUIAR";"01/04/2024 10:31:14";"01/04/2024 10:31:44";0
"CENTRAL AGUIAR";"01/04/2024 10:35:14";"01/04/2024 10:35:44";0
"CENTRAL AGUIAR";"01/04/2024 10:39:14";"01/04/2024 10:39:44";0
"CENTRAL AGUIAR";"01/04/2024 10:40:45";"01/04/2024 10:41:15";1
"CENTRAL AGUIAR";"01/04/2024 10:43:15";"01/04/2024 10:43:45";0
"CENTRAL AGUIAR";"01/04/2024 10:47:15";"01/04/2024 10:47:45";0
"CENTRAL AGUIAR";"01/04/2024 10:51:15";"01/04/2024 10:51:45";0
"CENTRAL AGUIAR";"01/04/2024 10:55:15";"01/04/2024 10:55:45";0
"CENTRAL AGUIAR";"01/04/2024 10:56:45";"01/04/2024 10:57:15";1
"CENTRAL AGUIAR";"01/04/2024 10:59:15";"01/04/2024 10:59:45";0
"CENTRAL AGUIAR";"01/04/2024 11:03:15";"01/04/2024 11:03:45";0
"CENTRAL AGUIAR";"01/04/2024 11:07:15";"01/04/2024 11:07:45";0
"CENTRAL AGUIAR";"01/04/2024 11:11:16";"01/04/2024 11:11:46";0
"CENTRAL AGUIAR";"01/04/2024 11:12:45";"01/04/2024 11:13:15";1
"CENTRAL AGUIAR";"01/04/2024 11:15:15";"01/04/2024 11:15:45";0
"CENTRAL AGUIAR";"01/04/2024 11:19:15";"01/04/2024 11:19:45";0
"CENTRAL AGUIAR";"01/04/2024 11:23:15";"01/04/2024 11:23:45";0
"CENTRAL AGUIAR";"01/04/2024 11:27:15";"01/04/2024 11:27:45";0
"CENTRAL AGUIAR";"01/04/2024 11:28:16";"01/04/2024 11:28:46";0
"CENTRAL AGUIAR";"01/04/2024 11:32:15";"01/04/2024 11:32:45";0
"CENTRAL AGUIAR";"01/04/2024 11:36:16";"01/04/2024 11:36:46";0
"CENTRAL AGUIAR";"01/04/2024 11:40:16";"01/04/2024 11:40:46";0
"CENTRAL AGUIAR";"01/04/2024 11:41:46";"01/04/2024 11:42:16";1
"CENTRAL AGUIAR";"01/04/2024 11:44:16";"01/04/2024 11:44:46";0
"CENTRAL AGUIAR";"01/04/2024 11:48:16";"01/04/2024 11:48:46";0
"CENTRAL AGUIAR";"01/04/2024 11:52:16";"01/04/2024 11:52:46";0
"CENTRAL AGUIAR";"01/04/2024 11:56:16";"01/04/2024 11:56:46";0
"CENTRAL AGUIAR";"01/04/2024 11:57:46";"01/04/2024 11:58:16";1
"CENTRAL AGUIAR";"01/04/2024 12:00:16";"01/04/2024 12:00:46";0
"CENTRAL AGUIAR";"01/04/2024 12:04:16";"01/04/2024 12:04:46";0
"CENTRAL AGUIAR";"01/04/2024 12:08:16";"01/04/2024 12:08:46";0
"CENTRAL AGUIAR";"01/04/2024 12:12:17";"01/04/2024 12:12:47";0
"CENTRAL AGUIAR";"01/04/2024 12:13:46";"01/04/2024 12:14:16";1
"CENTRAL AGUIAR";"01/04/2024 12:16:17";"01/04/2024 12:16:47";0
"CENTRAL AGUIAR";"01/04/2024 12:20:16";"01/04/2024 12:20:46";0
"CENTRAL AGUIAR";"01/04/2024 12:24:16";"01/04/2024 12:24:46";0
"CENTRAL AGUIAR";"01/04/2024 12:28:17";"01/04/2024 12:28:47";0
"CENTRAL AGUIAR";"01/04/2024 12:29:46";"01/04/2024 12:30:17";1
"CENTRAL AGUIAR";"01/04/2024 12:32:17";"01/04/2024 12:32:47";0
"CENTRAL AGUIAR";"01/04/2024 12:36:17";"01/04/2024 12:36:47";0
"CENTRAL AGUIAR";"01/04/2024 12:40:16";"01/04/2024 12:40:46";0
"CENTRAL AGUIAR";"01/04/2024 12:41:17";"01/04/2024 12:41:47";0
"CENTRAL AGUIAR";"01/04/2024 12:42:47";"01/04/2024 12:43:17";1
"CENTRAL AGUIAR";"01/04/2024 12:45:17";"01/04/2024 12:45:47";0
"CENTRAL AGUIAR";"01/04/2024 12:49:17";"01/04/2024 12:49:47";0
"CENTRAL AGUIAR";"01/04/2024 13:02:17";"01/04/2024 13:02:47";0
"CENTRAL AGUIAR";"01/04/2024 13:06:17";"01/04/2024 13:06:47";0
"CENTRAL AGUIAR";"01/04/2024 13:10:17";"01/04/2024 13:10:47";0
"CENTRAL AGUIAR";"01/04/2024 13:14:17";"01/04/2024 13:14:47";0
"CENTRAL AGUIAR";"01/04/2024 13:18:17";"01/04/2024 13:18:47";0
"CENTRAL AGUIAR";"01/04/2024 13:22:17";"01/04/2024 13:22:47";0
"CENTRAL AGUIAR";"01/04/2024 13:26:17";"01/04/2024 13:26:47";0
"CENTRAL AGUIAR";"01/04/2024 13:29:17";"01/04/2024 13:29:48";0
"CENTRAL AGUIAR";"01/04/2024 13:30:18";"01/04/2024 13:30:49";0
"CENTRAL AGUIAR";"01/04/2024 13:34:17";"01/04/2024 13:34:47";0
"CENTRAL AGUIAR";"01/04/2024 13:38:17";"01/04/2024 13:38:47";0
"CENTRAL AGUIAR";"01/04/2024 13:42:18";"01/04/2024 13:42:48";0
"CENTRAL AGUIAR";"01/04/2024 13:43:47";"01/04/2024 13:44:17";1
"CENTRAL AGUIAR";"01/04/2024 13:47:18";"01/04/2024 13:47:48";0
"CENTRAL AGUIAR";"01/04/2024 13:51:18";"01/04/2024 13:51:48";0
"CENTRAL AGUIAR";"01/04/2024 13:55:18";"01/04/2024 13:55:48";0
"CENTRAL AGUIAR";"01/04/2024 13:59:19";"01/04/2024 13:59:49";0
"CENTRAL AGUIAR";"01/04/2024 14:03:18";"01/04/2024 14:03:48";0
"CENTRAL AGUIAR";"01/04/2024 14:07:18";"01/04/2024 14:07:48";0
"CENTRAL AGUIAR";"01/04/2024 14:11:18";"01/04/2024 14:11:48";0
"CENTRAL AGUIAR";"01/04/2024 14:15:18";"01/04/2024 14:15:48";0
"CENTRAL AGUIAR";"01/04/2024 14:19:18";"01/04/2024 14:19:48";0
"CENTRAL AGUIAR";"01/04/2024 14:23:18";"01/04/2024 14:23:48";0
"CENTRAL AGUIAR";"01/04/2024 14:27:18";"01/04/2024 14:27:48";0
"CENTRAL AGUIAR";"01/04/2024 14:31:19";"01/04/2024 14:31:49";0
"CENTRAL AGUIAR";"01/04/2024 14:35:19";"01/04/2024 14:35:49";0
"CENTRAL AGUIAR";"01/04/2024 14:39:19";"01/04/2024 14:39:49";0
"CENTRAL AGUIAR";"01/04/2024 14:43:19";"01/04/2024 14:43:49";0
"CENTRAL AGUIAR";"01/04/2024 14:44:49";"01/04/2024 14:45:19";1
"CENTRAL AGUIAR";"01/04/2024 14:47:19";"01/04/2024 14:47:49";0
"CENTRAL AGUIAR";"01/04/2024 14:51:19";"01/04/2024 14:51:49";0
"CENTRAL AGUIAR";"01/04/2024 14:55:19";"01/04/2024 14:55:49";0
"CENTRAL AGUIAR";"01/04/2024 14:59:19";"01/04/2024 14:59:49";0
"CENTRAL AGUIAR";"01/04/2024 15:03:19";"01/04/2024 15:03:49";0
"CENTRAL AGUIAR";"01/04/2024 15:08:19";"01/04/2024 15:08:49";0
"CENTRAL AGUIAR";"01/04/2024 15:12:19";"01/04/2024 15:12:49";0
"CENTRAL AGUIAR";"01/04/2024 15:16:19";"01/04/2024 15:16:49";0
"CENTRAL AGUIAR";"01/04/2024 15:20:19";"01/04/2024 15:20:49";0
"CENTRAL AGUIAR";"01/04/2024 15:24:19";"01/04/2024 15:24:49";0
"CENTRAL AGUIAR";"01/04/2024 15:28:19";"01/04/2024 15:28:49";0
"CENTRAL AGUIAR";"01/04/2024 15:32:20";"01/04/2024 15:32:50";0
"CENTRAL AGUIAR";"01/04/2024 15:36:20";"01/04/2024 15:36:50";0
"CENTRAL AGUIAR";"01/04/2024 15:40:20";"01/04/2024 15:40:50";0
"CENTRAL AGUIAR";"01/04/2024 15:44:20";"01/04/2024 15:44:50";0
"CENTRAL AGUIAR";"01/04/2024 15:45:50";"01/04/2024 15:46:20";1
"CENTRAL AGUIAR";"01/04/2024 15:48:20";"01/04/2024 15:48:50";0
"CENTRAL AGUIAR";"01/04/2024 15:53:20";"01/04/2024 15:53:50";0
"CENTRAL AGUIAR";"01/04/2024 15:58:20";"01/04/2024 15:58:50";0
"CENTRAL AGUIAR";"01/04/2024 16:02:21";"01/04/2024 16:02:51";0
"CENTRAL AGUIAR";"01/04/2024 16:03:50";"01/04/2024 16:04:20";1
"CENTRAL AGUIAR";"01/04/2024 16:07:20";"01/04/2024 16:07:50";0
"CENTRAL AGUIAR";"01/04/2024 16:11:20";"01/04/2024 16:11:50";0
"CENTRAL AGUIAR";"01/04/2024 16:15:20";"01/04/2024 16:15:50";0
"CENTRAL AGUIAR";"01/04/2024 16:16:50";"01/04/2024 16:17:20";1
"CENTRAL AGUIAR";"01/04/2024 16:19:20";"01/04/2024 16:19:50";0
"CENTRAL AGUIAR";"01/04/2024 16:23:21";"01/04/2024 16:23:51";0
"CENTRAL AGUIAR";"01/04/2024 16:27:21";"01/04/2024 16:27:51";0
"CENTRAL AGUIAR";"01/04/2024 16:31:21";"01/04/2024 16:31:51";0
"CENTRAL AGUIAR";"01/04/2024 16:32:51";"01/04/2024 16:33:21";1
"CENTRAL AGUIAR";"01/04/2024 16:35:21";"01/04/2024 16:35:51";0
"CENTRAL AGUIAR";"01/04/2024 16:39:21";"01/04/2024 16:39:51";0
"CENTRAL AGUIAR";"01/04/2024 16:43:21";"01/04/2024 16:43:51";0
"CENTRAL AGUIAR";"01/04/2024 16:47:21";"01/04/2024 16:47:51";0
"CENTRAL AGUIAR";"01/04/2024 16:51:21";"01/04/2024 16:51:51";0
"CENTRAL AGUIAR";"01/04/2024 16:55:21";"01/04/2024 16:55:51";0
"CENTRAL AGUIAR";"01/04/2024 16:59:21";"01/04/2024 16:59:51";0
"CENTRAL AGUIAR";"01/04/2024 17:03:22";"01/04/2024 17:03:52";0
"CENTRAL AGUIAR";"01/04/2024 17:04:51";"01/04/2024 17:05:21";1
"CENTRAL AGUIAR";"01/04/2024 17:07:21";"01/04/2024 17:07:51";0
"CENTRAL AGUIAR";"01/04/2024 17:11:21";"01/04/2024 17:11:51";0
"CENTRAL AGUIAR";"01/04/2024 17:17:22";"01/04/2024 17:17:52";0
"CENTRAL AGUIAR";"01/04/2024 17:21:21";"01/04/2024 17:21:51";0
"CENTRAL AGUIAR";"01/04/2024 17:25:21";"01/04/2024 17:25:51";0
"CENTRAL AGUIAR";"01/04/2024 17:29:22";"01/04/2024 17:29:52";0
"CENTRAL AGUIAR";"01/04/2024 17:33:22";"01/04/2024 17:33:52";0
"CENTRAL AGUIAR";"01/04/2024 17:37:22";"01/04/2024 17:37:52";0
"CENTRAL AGUIAR";"01/04/2024 17:41:22";"01/04/2024 17:41:52";0
"CENTRAL AGUIAR";"01/04/2024 17:45:22";"01/04/2024 17:45:52";0
"CENTRAL AGUIAR";"01/04/2024 17:49:22";"01/04/2024 17:49:52";0
"CENTRAL AGUIAR";"01/04/2024 17:53:22";"01/04/2024 17:53:52";0
"CENTRAL AGUIAR";"01/04/2024 17:57:22";"01/04/2024 17:57:52";0
"CENTRAL AGUIAR";"02/04/2024 09:03:16";"02/04/2024 09:03:46";0
"CENTRAL AGUIAR";"02/04/2024 09:05:17";"02/04/2024 09:06:17";1
"CENTRAL AGUIAR";"02/04/2024 09:06:46";"02/04/2024 09:07:18";1
"CENTRAL AGUIAR";"02/04/2024 09:07:47";"02/04/2024 09:08:46";1
"CENTRAL AGUIAR";"02/04/2024 09:09:17";"02/04/2024 09:09:47";0
"CENTRAL AGUIAR";"02/04/2024 09:10:46";"02/04/2024 09:11:18";1
"CENTRAL AGUIAR";"02/04/2024 09:12:47";"02/04/2024 09:13:17";1
"CENTRAL AGUIAR";"02/04/2024 09:14:17";"02/04/2024 09:14:47";0
"CENTRAL AGUIAR";"02/04/2024 09:19:17";"02/04/2024 09:20:18";1
"CENTRAL AGUIAR";"02/04/2024 09:42:48";"02/04/2024 09:43:19";1
"CENTRAL AGUIAR";"02/04/2024 09:49:18";"02/04/2024 09:49:48";0
"CENTRAL AGUIAR";"02/04/2024 09:55:48";"02/04/2024 09:56:19";1
"CENTRAL AGUIAR";"02/04/2024 09:59:48";"02/04/2024 10:00:19";1
"CENTRAL AGUIAR";"02/04/2024 10:03:49";"02/04/2024 10:04:19";1
"CENTRAL AGUIAR";"02/04/2024 10:05:18";"02/04/2024 10:05:48";0
"CENTRAL AGUIAR";"02/04/2024 10:07:49";"02/04/2024 10:08:20";1
"CENTRAL AGUIAR";"02/04/2024 10:09:18";"02/04/2024 10:09:48";0
"CENTRAL AGUIAR";"02/04/2024 10:11:48";"02/04/2024 10:12:19";1
"CENTRAL AGUIAR";"02/04/2024 10:15:48";"02/04/2024 10:16:19";1
"CENTRAL AGUIAR";"02/04/2024 10:21:19";"02/04/2024 10:21:49";0
"CENTRAL AGUIAR";"02/04/2024 10:57:49";"02/04/2024 10:58:20";1
"CENTRAL AGUIAR";"02/04/2024 11:20:49";"02/04/2024 11:21:21";1
"CENTRAL AGUIAR";"02/04/2024 11:25:49";"02/04/2024 11:26:21";1
"CENTRAL AGUIAR";"02/04/2024 11:35:20";"02/04/2024 11:35:49";0
"CENTRAL AGUIAR";"02/04/2024 11:50:50";"02/04/2024 11:51:21";1
"CENTRAL AGUIAR";"02/04/2024 11:54:50";"02/04/2024 11:55:21";1
"CENTRAL AGUIAR";"02/04/2024 12:02:50";"02/04/2024 12:03:20";1
"CENTRAL AGUIAR";"02/04/2024 12:21:21";"02/04/2024 12:21:51";0
"CENTRAL AGUIAR";"02/04/2024 12:35:51";"02/04/2024 12:36:21";1
"CENTRAL AGUIAR";"02/04/2024 12:39:51";"02/04/2024 12:40:22";1
"CENTRAL AGUIAR";"02/04/2024 12:43:51";"02/04/2024 12:44:21";1
"CENTRAL AGUIAR";"02/04/2024 12:48:51";"02/04/2024 12:49:22";1
"CENTRAL AGUIAR";"02/04/2024 12:52:52";"02/04/2024 12:53:22";1
"CENTRAL AGUIAR";"02/04/2024 12:56:51";"02/04/2024 12:57:22";1
"CENTRAL AGUIAR";"02/04/2024 13:05:52";"02/04/2024 13:06:22";1
"CENTRAL AGUIAR";"02/04/2024 13:07:22";"02/04/2024 13:07:52";0
"CENTRAL AGUIAR";"02/04/2024 13:09:52";"02/04/2024 13:10:22";1
"CENTRAL AGUIAR";"02/04/2024 13:13:52";"02/04/2024 13:14:22";1
"CENTRAL AGUIAR";"02/04/2024 13:17:52";"02/04/2024 13:18:22";1
"CENTRAL AGUIAR";"02/04/2024 13:21:53";"02/04/2024 13:22:23";1
"CENTRAL AGUIAR";"02/04/2024 13:23:22";"02/04/2024 13:23:52";0
"CENTRAL AGUIAR";"02/04/2024 13:25:52";"02/04/2024 13:26:22";1
"CENTRAL AGUIAR";"02/04/2024 13:29:52";"02/04/2024 13:30:22";1
"CENTRAL AGUIAR";"02/04/2024 13:33:52";"02/04/2024 13:34:22";1
"CENTRAL AGUIAR";"02/04/2024 13:37:53";"02/04/2024 13:38:23";1
"CENTRAL AGUIAR";"02/04/2024 13:41:53";"02/04/2024 13:42:23";1
"CENTRAL AGUIAR";"02/04/2024 13:45:53";"02/04/2024 13:46:23";1
"CENTRAL AGUIAR";"02/04/2024 13:49:53";"02/04/2024 13:50:23";1
"CENTRAL AGUIAR";"02/04/2024 13:53:53";"02/04/2024 13:54:23";1
"CENTRAL AGUIAR";"02/04/2024 13:55:23";"02/04/2024 13:55:53";0
"CENTRAL AGUIAR";"02/04/2024 13:57:53";"02/04/2024 13:58:23";1
"CENTRAL AGUIAR";"02/04/2024 14:01:53";"02/04/2024 14:02:23";1
"CENTRAL AGUIAR";"02/04/2024 14:05:53";"02/04/2024 14:06:23";1
"CENTRAL AGUIAR";"02/04/2024 14:08:53";"02/04/2024 14:09:23";1
"CENTRAL AGUIAR";"02/04/2024 14:09:54";"02/04/2024 14:10:24";1
"CENTRAL AGUIAR";"02/04/2024 14:13:53";"02/04/2024 14:14:23";1
"CENTRAL AGUIAR";"02/04/2024 14:17:53";"02/04/2024 14:18:23";1
"CENTRAL AGUIAR";"02/04/2024 14:22:54";"02/04/2024 14:23:24";1
"CENTRAL AGUIAR";"02/04/2024 14:24:23";"02/04/2024 14:24:53";0
"CENTRAL AGUIAR";"02/04/2024 14:26:53";"02/04/2024 14:27:23";1
"CENTRAL AGUIAR";"02/04/2024 14:30:53";"02/04/2024 14:31:23";1
"CENTRAL AGUIAR";"02/04/2024 14:32:54";"02/04/2024 14:33:24";1
"CENTRAL AGUIAR";"02/04/2024 14:34:53";"02/04/2024 14:35:23";1
"CENTRAL AGUIAR";"02/04/2024 14:38:54";"02/04/2024 14:39:26";1
"CENTRAL AGUIAR";"02/04/2024 14:40:24";"02/04/2024 14:40:54";0
"CENTRAL AGUIAR";"02/04/2024 14:42:54";"02/04/2024 14:43:24";1
"CENTRAL AGUIAR";"02/04/2024 14:44:23";"02/04/2024 14:44:53";0
"CENTRAL AGUIAR";"02/04/2024 14:46:54";"02/04/2024 14:47:24";1
"CENTRAL AGUIAR";"02/04/2024 14:50:54";"02/04/2024 14:51:24";1
"CENTRAL AGUIAR";"02/04/2024 14:53:53";"02/04/2024 14:54:23";1
"CENTRAL AGUIAR";"02/04/2024 14:54:54";"02/04/2024 14:55:27";1
"CENTRAL AGUIAR";"02/04/2024 14:56:24";"02/04/2024 14:56:54";0
"CENTRAL AGUIAR";"02/04/2024 14:58:54";"02/04/2024 14:59:24";1
"CENTRAL AGUIAR";"02/04/2024 15:02:54";"02/04/2024 15:03:24";1
"CENTRAL AGUIAR";"02/04/2024 15:06:54";"02/04/2024 15:07:24";1
"CENTRAL AGUIAR";"02/04/2024 15:10:54";"02/04/2024 15:11:24";1
"CENTRAL AGUIAR";"02/04/2024 15:14:54";"02/04/2024 15:15:24";1
"CENTRAL AGUIAR";"02/04/2024 15:18:54";"02/04/2024 15:19:24";1
"CENTRAL AGUIAR";"02/04/2024 15:22:55";"02/04/2024 15:23:25";1
"CENTRAL AGUIAR";"02/04/2024 15:24:25";"02/04/2024 15:24:55";0
"CENTRAL AGUIAR";"02/04/2024 15:25:55";"02/04/2024 15:26:25";1
"CENTRAL AGUIAR";"02/04/2024 15:26:55";"02/04/2024 15:27:25";1
"CENTRAL AGUIAR";"02/04/2024 15:30:55";"02/04/2024 15:31:25";1
"CENTRAL AGUIAR";"02/04/2024 15:34:55";"02/04/2024 15:35:25";1
"CENTRAL AGUIAR";"02/04/2024 15:38:55";"02/04/2024 15:39:25";1
"CENTRAL AGUIAR";"02/04/2024 15:40:25";"02/04/2024 15:40:55";0
"CENTRAL AGUIAR";"02/04/2024 15:42:55";"02/04/2024 15:43:25";1
"CENTRAL AGUIAR";"02/04/2024 15:43:55";"02/04/2024 15:44:25";1
"CENTRAL AGUIAR";"02/04/2024 15:47:55";"02/04/2024 15:48:25";1
"CENTRAL AGUIAR";"02/04/2024 15:48:55";"02/04/2024 15:49:25";1
"CENTRAL AGUIAR";"02/04/2024 15:52:55";"02/04/2024 15:53:25";1
"CENTRAL AGUIAR";"02/04/2024 15:54:25";"02/04/2024 15:54:55";0
"CENTRAL AGUIAR";"02/04/2024 15:56:55";"02/04/2024 15:57:25";1
"CENTRAL AGUIAR";"02/04/2024 16:00:55";"02/04/2024 16:01:25";1
"CENTRAL AGUIAR";"02/04/2024 16:04:55";"02/04/2024 16:05:25";1
"CENTRAL AGUIAR";"02/04/2024 16:08:55";"02/04/2024 16:09:25";1
"CENTRAL AGUIAR";"02/04/2024 16:10:26";"02/04/2024 16:10:56";0
"CENTRAL AGUIAR";"02/04/2024 16:12:56";"02/04/2024 16:13:26";1
"CENTRAL AGUIAR";"02/04/2024 16:16:56";"02/04/2024 16:17:26";1
"CENTRAL AGUIAR";"02/04/2024 16:20:56";"02/04/2024 16:21:26";1
"CENTRAL AGUIAR";"02/04/2024 16:24:56";"02/04/2024 16:25:26";1
"CENTRAL AGUIAR";"02/04/2024 16:28:56";"02/04/2024 16:29:26";1
"CENTRAL AGUIAR";"02/04/2024 16:32:56";"02/04/2024 16:33:26";1
"CENTRAL AGUIAR";"02/04/2024 16:36:56";"02/04/2024 16:37:26";1
"CENTRAL AGUIAR";"02/04/2024 16:40:57";"02/04/2024 16:41:28";1
"CENTRAL AGUIAR";"02/04/2024 16:42:26";"02/04/2024 16:42:56";0
"CENTRAL AGUIAR";"02/04/2024 16:43:56";"02/04/2024 16:44:26";1
"CENTRAL AGUIAR";"02/04/2024 16:44:57";"02/04/2024 16:45:27";1
"CENTRAL AGUIAR";"02/04/2024 16:46:26";"02/04/2024 16:46:56";0
"CENTRAL AGUIAR";"02/04/2024 16:48:56";"02/04/2024 16:49:26";1
"CENTRAL AGUIAR";"02/04/2024 16:52:56";"02/04/2024 16:53:26";1
"CENTRAL AGUIAR";"02/04/2024 16:55:56";"02/04/2024 16:56:26";1
"CENTRAL AGUIAR";"02/04/2024 16:56:57";"02/04/2024 16:57:27";1
"CENTRAL AGUIAR";"02/04/2024 17:01:56";"02/04/2024 17:02:26";1
"CENTRAL AGUIAR";"02/04/2024 17:05:56";"02/04/2024 17:06:26";1
"CENTRAL AGUIAR";"02/04/2024 17:09:57";"02/04/2024 17:10:27";1
"CENTRAL AGUIAR";"02/04/2024 17:11:27";"02/04/2024 17:11:57";0
"CENTRAL AGUIAR";"02/04/2024 17:13:57";"02/04/2024 17:14:27";1
"CENTRAL AGUIAR";"02/04/2024 17:17:57";"02/04/2024 17:18:27";1
"CENTRAL AGUIAR";"02/04/2024 17:21:57";"02/04/2024 17:22:27";1
"CENTRAL AGUIAR";"02/04/2024 17:26:58";"02/04/2024 17:27:28";1
"CENTRAL AGUIAR";"02/04/2024 17:30:57";"02/04/2024 17:31:27";1
"CENTRAL AGUIAR";"02/04/2024 17:34:57";"02/04/2024 17:35:27";1
"CENTRAL AGUIAR";"02/04/2024 17:38:57";"02/04/2024 17:39:27";1
"CENTRAL AGUIAR";"02/04/2024 17:42:57";"02/04/2024 17:43:27";1
"CENTRAL AGUIAR";"02/04/2024 17:46:57";"02/04/2024 17:47:27";1
"CENTRAL AGUIAR";"02/04/2024 17:50:57";"02/04/2024 17:51:27";1
"CENTRAL AGUIAR";"02/04/2024 17:54:58";"02/04/2024 17:55:28";1
"CENTRAL AGUIAR";"02/04/2024 17:56:28";"02/04/2024 17:56:58";0
"CENTRAL AGUIAR";"02/04/2024 17:58:58";"02/04/2024 17:59:28";1
"CENTRAL AGUIAR";"03/04/2024 09:01:48";"03/04/2024 09:02:18";1
"CENTRAL AGUIAR";"03/04/2024 09:05:48";"03/04/2024 09:06:18";1
"CENTRAL AGUIAR";"03/04/2024 09:09:48";"03/04/2024 09:10:18";1
"CENTRAL AGUIAR";"03/04/2024 09:12:19";"03/04/2024 09:12:49";0
"CENTRAL AGUIAR";"03/04/2024 09:14:49";"03/04/2024 09:15:19";1
"CENTRAL AGUIAR";"03/04/2024 09:18:49";"03/04/2024 09:19:19";1
"CENTRAL AGUIAR";"03/04/2024 09:22:49";"03/04/2024 09:23:19";1
"CENTRAL AGUIAR";"03/04/2024 09:26:49";"03/04/2024 09:27:19";1
"CENTRAL AGUIAR";"03/04/2024 09:28:19";"03/04/2024 09:28:49";0
"CENTRAL AGUIAR";"03/04/2024 09:30:50";"03/04/2024 09:31:20";1
"CENTRAL AGUIAR";"03/04/2024 09:32:19";"03/04/2024 09:32:49";0
"CENTRAL AGUIAR";"03/04/2024 09:33:49";"03/04/2024 09:34:19";1
"CENTRAL AGUIAR";"03/04/2024 09:34:50";"03/04/2024 09:35:20";1
"CENTRAL AGUIAR";"03/04/2024 09:38:49";"03/04/2024 09:39:19";1
"CENTRAL AGUIAR";"03/04/2024 09:42:50";"03/04/2024 09:43:20";1
"CENTRAL AGUIAR";"03/04/2024 09:46:49";"03/04/2024 09:47:19";1
"CENTRAL AGUIAR";"03/04/2024 09:50:49";"03/04/2024 09:51:19";1
"CENTRAL AGUIAR";"03/04/2024 09:54:49";"03/04/2024 09:55:19";1
"CENTRAL AGUIAR";"03/04/2024 09:57:50";"03/04/2024 09:58:20";1
"CENTRAL AGUIAR";"03/04/2024 09:58:50";"03/04/2024 09:59:20";1
"CENTRAL AGUIAR";"03/04/2024 10:02:50";"03/04/2024 10:03:20";1
"CENTRAL AGUIAR";"03/04/2024 10:06:50";"03/04/2024 10:07:20";1
"CENTRAL AGUIAR";"03/04/2024 10:10:50";"03/04/2024 10:11:20";1
"CENTRAL AGUIAR";"03/04/2024 10:14:50";"03/04/2024 10:15:20";1
"CENTRAL AGUIAR";"03/04/2024 10:18:50";"03/04/2024 10:19:20";1
"CENTRAL AGUIAR";"03/04/2024 10:22:50";"03/04/2024 10:23:20";1
"CENTRAL AGUIAR";"03/04/2024 10:26:50";"03/04/2024 10:27:20";1
"CENTRAL AGUIAR";"03/04/2024 10:28:21";"03/04/2024 10:28:51";0
"CENTRAL AGUIAR";"03/04/2024 10:30:50";"03/04/2024 10:31:20";1
"CENTRAL AGUIAR";"03/04/2024 10:34:50";"03/04/2024 10:35:20";1
"CENTRAL AGUIAR";"03/04/2024 10:47:50";"03/04/2024 10:48:20";1
"CENTRAL AGUIAR";"03/04/2024 10:51:50";"03/04/2024 10:52:21";1
"CENTRAL AGUIAR";"03/04/2024 10:55:51";"03/04/2024 10:56:21";1
"CENTRAL AGUIAR";"03/04/2024 11:00:51";"03/04/2024 11:01:21";1
"CENTRAL AGUIAR";"03/04/2024 11:04:51";"03/04/2024 11:05:21";1
"CENTRAL AGUIAR";"03/04/2024 11:08:51";"03/04/2024 11:09:21";1
"CENTRAL AGUIAR";"03/04/2024 11:12:51";"03/04/2024 11:13:21";1
"CENTRAL AGUIAR";"03/04/2024 11:14:21";"03/04/2024 11:14:51";0
"CENTRAL AGUIAR";"03/04/2024 11:16:51";"03/04/2024 11:17:21";1
"CENTRAL AGUIAR";"03/04/2024 11:20:51";"03/04/2024 11:21:21";1
"CENTRAL AGUIAR";"03/04/2024 11:24:51";"03/04/2024 11:25:21";1
"CENTRAL AGUIAR";"03/04/2024 11:28:52";"03/04/2024 11:29:22";1
"CENTRAL AGUIAR";"03/04/2024 11:32:51";"03/04/2024 11:33:21";1
"CENTRAL AGUIAR";"03/04/2024 11:36:51";"03/04/2024 11:37:21";1
"CENTRAL AGUIAR";"03/04/2024 11:40:51";"03/04/2024 11:41:21";1
"CENTRAL AGUIAR";"03/04/2024 11:44:52";"03/04/2024 11:45:22";1
"CENTRAL AGUIAR";"03/04/2024 11:46:22";"03/04/2024 11:46:52";0
"CENTRAL AGUIAR";"03/04/2024 11:48:52";"03/04/2024 11:49:22";1
"CENTRAL AGUIAR";"03/04/2024 11:52:52";"03/04/2024 11:53:22";1
"CENTRAL AGUIAR";"03/04/2024 11:56:52";"03/04/2024 11:57:22";1
"CENTRAL AGUIAR";"03/04/2024 12:00:52";"03/04/2024 12:01:22";1
"CENTRAL AGUIAR";"03/04/2024 12:04:52";"03/04/2024 12:05:22";1
"CENTRAL AGUIAR";"03/04/2024 12:08:52";"03/04/2024 12:09:22";1
"CENTRAL AGUIAR";"03/04/2024 12:12:52";"03/04/2024 12:13:22";1
"CENTRAL AGUIAR";"03/04/2024 12:16:52";"03/04/2024 12:17:22";1
"CENTRAL AGUIAR";"03/04/2024 12:20:52";"03/04/2024 12:21:22";1
"CENTRAL AGUIAR";"03/04/2024 12:24:52";"03/04/2024 12:25:22";1
"CENTRAL AGUIAR";"03/04/2024 12:28:52";"03/04/2024 12:29:22";1
"CENTRAL AGUIAR";"03/04/2024 12:32:52";"03/04/2024 12:33:22";1
"CENTRAL AGUIAR";"03/04/2024 12:36:52";"03/04/2024 12:37:22";1
"CENTRAL AGUIAR";"03/04/2024 12:40:52";"03/04/2024 12:41:22";1
"CENTRAL AGUIAR";"03/04/2024 12:44:52";"03/04/2024 12:45:22";1
"CENTRAL AGUIAR";"03/04/2024 12:48:52";"03/04/2024 12:49:22";1
"CENTRAL AGUIAR";"03/04/2024 12:52:52";"03/04/2024 12:53:22";1
"CENTRAL AGUIAR";"03/04/2024 13:00:53";"03/04/2024 13:01:23";1
"CENTRAL AGUIAR";"03/04/2024 13:05:53";"03/04/2024 13:06:23";1
"CENTRAL AGUIAR";"03/04/2024 13:09:53";"03/04/2024 13:10:23";1
"CENTRAL AGUIAR";"03/04/2024 13:13:53";"03/04/2024 13:14:23";1
"CENTRAL AGUIAR";"03/04/2024 13:17:53";"03/04/2024 13:18:23";1
"CENTRAL AGUIAR";"03/04/2024 13:21:53";"03/04/2024 13:22:23";1
"CENTRAL AGUIAR";"03/04/2024 13:25:53";"03/04/2024 13:26:23";1
"CENTRAL AGUIAR";"03/04/2024 13:29:53";"03/04/2024 13:30:23";1
"CENTRAL AGUIAR";"03/04/2024 13:33:53";"03/04/2024 13:34:23";1
"CENTRAL AGUIAR";"03/04/2024 13:37:53";"03/04/2024 13:38:23";1
"CENTRAL AGUIAR";"03/04/2024 13:41:53";"03/04/2024 13:42:23";1
"CENTRAL AGUIAR";"03/04/2024 13:45:53";"03/04/2024 13:46:23";1
"CENTRAL AGUIAR";"03/04/2024 13:49:54";"03/04/2024 13:50:24";1
"CENTRAL AGUIAR";"03/04/2024 13:53:54";"03/04/2024 13:54:24";1
"CENTRAL AGUIAR";"03/04/2024 13:57:54";"03/04/2024 13:58:24";1
"CENTRAL AGUIAR";"03/04/2024 14:01:54";"03/04/2024 14:02:24";1
"CENTRAL AGUIAR";"03/04/2024 14:09:54";"03/04/2024 14:10:24";1
"CENTRAL AGUIAR";"03/04/2024 14:13:54";"03/04/2024 14:14:24";1
"CENTRAL AGUIAR";"03/04/2024 14:17:55";"03/04/2024 14:18:25";1
"CENTRAL AGUIAR";"03/04/2024 14:19:24";"03/04/2024 14:19:54";0
"CENTRAL AGUIAR";"03/04/2024 14:21:54";"03/04/2024 14:22:24";1
"CENTRAL AGUIAR";"03/04/2024 14:29:54";"03/04/2024 14:30:24";1
"CENTRAL AGUIAR";"03/04/2024 15:02:56";"03/04/2024 15:03:26";1
"CENTRAL AGUIAR";"03/04/2024 15:04:25";"03/04/2024 15:04:55";0
"CENTRAL AGUIAR";"03/04/2024 15:14:55";"03/04/2024 15:15:25";1
"CENTRAL AGUIAR";"03/04/2024 15:18:56";"03/04/2024 15:19:26";1
"CENTRAL AGUIAR";"03/04/2024 15:34:56";"03/04/2024 15:35:26";1
"CENTRAL AGUIAR";"03/04/2024 15:48:26";"03/04/2024 15:48:56";0
"CENTRAL AGUIAR";"03/04/2024 16:06:57";"03/04/2024 16:07:27";1
"CENTRAL AGUIAR";"03/04/2024 16:09:27";"03/04/2024 16:09:57";0
"CENTRAL AGUIAR";"03/04/2024 16:11:57";"03/04/2024 16:12:27";1
"CENTRAL AGUIAR";"03/04/2024 16:13:27";"03/04/2024 16:13:57";0
"CENTRAL AGUIAR";"03/04/2024 16:19:57";"03/04/2024 16:20:27";1
"CENTRAL AGUIAR";"03/04/2024 16:23:57";"03/04/2024 16:24:27";1
"CENTRAL AGUIAR";"03/04/2024 16:35:58";"03/04/2024 16:36:28";1
"CENTRAL AGUIAR";"03/04/2024 17:05:28";"03/04/2024 17:05:58";0
"CENTRAL AGUIAR";"03/04/2024 17:19:59";"03/04/2024 17:20:29";1
"CENTRAL AGUIAR";"03/04/2024 17:21:28";"03/04/2024 17:21:58";0
"CENTRAL AGUIAR";"03/04/2024 17:35:59";"03/04/2024 17:36:30";1
"CENTRAL AGUIAR";"04/04/2024 09:42:32";"04/04/2024 09:43:02";1
"CENTRAL AGUIAR";"04/04/2024 09:46:32";"04/04/2024 09:47:02";1
"CENTRAL AGUIAR";"04/04/2024 09:50:32";"04/04/2024 09:51:02";1
"CENTRAL AGUIAR";"04/04/2024 09:54:32";"04/04/2024 09:55:02";1
"CENTRAL AGUIAR";"04/04/2024 09:58:32";"04/04/2024 09:59:02";1
"CENTRAL AGUIAR";"04/04/2024 10:02:32";"04/04/2024 10:03:02";1
"CENTRAL AGUIAR";"04/04/2024 10:06:33";"04/04/2024 10:07:04";1
"CENTRAL AGUIAR";"04/04/2024 10:08:03";"04/04/2024 10:08:33";0
"CENTRAL AGUIAR";"04/04/2024 10:10:32";"04/04/2024 10:11:02";1
"CENTRAL AGUIAR";"04/04/2024 10:14:32";"04/04/2024 10:15:02";1
"CENTRAL AGUIAR";"04/04/2024 10:18:32";"04/04/2024 10:19:03";1
"CENTRAL AGUIAR";"04/04/2024 10:22:33";"04/04/2024 10:23:03";1
"CENTRAL AGUIAR";"04/04/2024 10:26:33";"04/04/2024 10:27:03";1
"CENTRAL AGUIAR";"04/04/2024 10:30:33";"04/04/2024 10:31:03";1
"CENTRAL AGUIAR";"04/04/2024 10:34:33";"04/04/2024 10:35:03";1
"CENTRAL AGUIAR";"04/04/2024 10:37:33";"04/04/2024 10:38:03";1
"CENTRAL AGUIAR";"04/04/2024 10:42:33";"04/04/2024 10:43:03";1
"CENTRAL AGUIAR";"04/04/2024 10:46:33";"04/04/2024 10:47:03";1
"CENTRAL AGUIAR";"04/04/2024 10:51:33";"04/04/2024 10:52:03";1
"CENTRAL AGUIAR";"04/04/2024 10:53:03";"04/04/2024 10:53:33";0
"CENTRAL AGUIAR";"04/04/2024 10:55:33";"04/04/2024 10:56:03";1
"CENTRAL AGUIAR";"04/04/2024 10:59:33";"04/04/2024 11:00:03";1
"CENTRAL AGUIAR";"04/04/2024 11:04:33";"04/04/2024 11:05:03";1
"CENTRAL AGUIAR";"04/04/2024 11:08:34";"04/04/2024 11:09:04";1
"CENTRAL AGUIAR";"04/04/2024 11:12:34";"04/04/2024 11:13:04";1
"CENTRAL AGUIAR";"04/04/2024 11:16:34";"04/04/2024 11:17:04";1
"CENTRAL AGUIAR";"04/04/2024 11:20:34";"04/04/2024 11:21:04";1
"CENTRAL AGUIAR";"04/04/2024 11:24:34";"04/04/2024 11:25:04";1
"CENTRAL AGUIAR";"04/04/2024 11:28:34";"04/04/2024 11:29:04";1
"CENTRAL AGUIAR";"04/04/2024 11:32:34";"04/04/2024 11:33:04";1
"CENTRAL AGUIAR";"04/04/2024 11:36:34";"04/04/2024 11:37:04";1
"CENTRAL AGUIAR";"04/04/2024 11:38:04";"04/04/2024 11:38:34";0
"CENTRAL AGUIAR";"04/04/2024 11:40:35";"04/04/2024 11:41:05";1
"CENTRAL AGUIAR";"04/04/2024 11:44:34";"04/04/2024 11:45:04";1
"CENTRAL AGUIAR";"04/04/2024 11:48:34";"04/04/2024 11:49:04";1
"CENTRAL AGUIAR";"04/04/2024 11:52:34";"04/04/2024 11:53:04";1
"CENTRAL AGUIAR";"04/04/2024 11:54:05";"04/04/2024 11:54:35";0
"CENTRAL AGUIAR";"04/04/2024 11:56:35";"04/04/2024 11:57:05";1
"CENTRAL AGUIAR";"04/04/2024 12:00:35";"04/04/2024 12:01:05";1
"CENTRAL AGUIAR";"04/04/2024 12:04:35";"04/04/2024 12:05:05";1
"CENTRAL AGUIAR";"04/04/2024 12:08:35";"04/04/2024 12:09:05";1
"CENTRAL AGUIAR";"04/04/2024 12:12:35";"04/04/2024 12:13:05";1
"CENTRAL AGUIAR";"04/04/2024 12:16:35";"04/04/2024 12:17:05";1
"CENTRAL AGUIAR";"04/04/2024 12:21:35";"04/04/2024 12:22:05";1
"CENTRAL AGUIAR";"04/04/2024 12:25:35";"04/04/2024 12:26:05";1
"CENTRAL AGUIAR";"04/04/2024 12:37:35";"04/04/2024 12:38:05";1
"CENTRAL AGUIAR";"04/04/2024 12:53:36";"04/04/2024 12:54:06";1
"CENTRAL AGUIAR";"04/04/2024 12:55:06";"04/04/2024 12:55:36";0
"CENTRAL AGUIAR";"04/04/2024 12:57:36";"04/04/2024 12:58:06";1
"CENTRAL AGUIAR";"04/04/2024 13:09:37";"04/04/2024 13:10:07";1
"CENTRAL AGUIAR";"04/04/2024 13:21:36";"04/04/2024 13:22:06";1
"CENTRAL AGUIAR";"04/04/2024 13:25:36";"04/04/2024 13:26:06";1
"CENTRAL AGUIAR";"04/04/2024 13:29:36";"04/04/2024 13:30:06";1
"CENTRAL AGUIAR";"04/04/2024 13:37:37";"04/04/2024 13:38:07";1
"CENTRAL AGUIAR";"04/04/2024 13:41:37";"04/04/2024 13:42:07";1
"CENTRAL AGUIAR";"04/04/2024 13:57:37";"04/04/2024 14:00:45";3
"CENTRAL AGUIAR";"04/04/2024 14:01:44";"04/04/2024 14:02:14";1
"CENTRAL AGUIAR";"04/04/2024 14:05:44";"04/04/2024 14:06:14";1
"CENTRAL AGUIAR";"04/04/2024 14:09:44";"04/04/2024 14:10:14";1
"CENTRAL AGUIAR";"04/04/2024 14:13:44";"04/04/2024 14:14:14";1
"CENTRAL AGUIAR";"04/04/2024 14:17:44";"04/04/2024 14:18:14";1
"CENTRAL AGUIAR";"04/04/2024 14:21:44";"04/04/2024 14:22:14";1
"CENTRAL AGUIAR";"04/04/2024 14:25:45";"04/04/2024 14:26:18";1
"CENTRAL AGUIAR";"04/04/2024 14:27:15";"04/04/2024 14:27:45";0
"CENTRAL AGUIAR";"04/04/2024 14:29:45";"04/04/2024 14:30:15";1
"CENTRAL AGUIAR";"04/04/2024 14:33:45";"04/04/2024 14:34:15";1
"CENTRAL AGUIAR";"04/04/2024 14:37:45";"04/04/2024 14:38:15";1
"CENTRAL AGUIAR";"04/04/2024 14:41:46";"04/04/2024 14:42:16";1
"CENTRAL AGUIAR";"04/04/2024 14:45:45";"04/04/2024 14:46:15";1
"CENTRAL AGUIAR";"04/04/2024 14:49:45";"04/04/2024 14:50:15";1
"CENTRAL AGUIAR";"04/04/2024 14:53:45";"04/04/2024 14:54:15";1
"CENTRAL AGUIAR";"04/04/2024 14:57:46";"04/04/2024 14:58:16";1
"CENTRAL AGUIAR";"04/04/2024 14:58:46";"04/04/2024 14:59:17";1
"CENTRAL AGUIAR";"04/04/2024 15:01:45";"04/04/2024 15:02:15";1
"CENTRAL AGUIAR";"04/04/2024 15:11:46";"04/04/2024 15:12:16";1
"CENTRAL AGUIAR";"04/04/2024 15:16:46";"04/04/2024 15:17:16";1
"CENTRAL AGUIAR";"04/04/2024 15:20:46";"04/04/2024 15:21:16";1
"CENTRAL AGUIAR";"04/04/2024 15:24:46";"04/04/2024 15:25:16";1
"CENTRAL AGUIAR";"04/04/2024 15:28:46";"04/04/2024 15:29:16";1
"CENTRAL AGUIAR";"04/04/2024 15:32:46";"04/04/2024 15:33:16";1
"CENTRAL AGUIAR";"04/04/2024 15:36:46";"04/04/2024 15:37:16";1
"CENTRAL AGUIAR";"04/04/2024 15:40:46";"04/04/2024 15:41:16";1
"CENTRAL AGUIAR";"04/04/2024 15:42:17";"04/04/2024 15:42:47";0
"CENTRAL AGUIAR";"04/04/2024 15:44:46";"04/04/2024 15:45:16";1
"CENTRAL AGUIAR";"04/04/2024 15:48:47";"04/04/2024 15:49:17";1
"CENTRAL AGUIAR";"04/04/2024 15:52:47";"04/04/2024 15:53:17";1
"CENTRAL AGUIAR";"04/04/2024 15:56:47";"04/04/2024 15:57:17";1
"CENTRAL AGUIAR";"04/04/2024 16:08:48";"04/04/2024 16:09:18";1
"CENTRAL AGUIAR";"04/04/2024 16:12:48";"04/04/2024 16:13:18";1
"CENTRAL AGUIAR";"04/04/2024 16:14:18";"04/04/2024 16:14:48";0
"CENTRAL AGUIAR";"04/04/2024 16:20:48";"04/04/2024 16:21:18";1
"CENTRAL AGUIAR";"04/04/2024 16:25:48";"04/04/2024 16:26:18";1
"CENTRAL AGUIAR";"04/04/2024 16:28:48";"04/04/2024 16:29:18";1
"CENTRAL AGUIAR";"04/04/2024 16:33:48";"04/04/2024 16:34:18";1
"CENTRAL AGUIAR";"04/04/2024 16:37:48";"04/04/2024 16:38:18";1
"CENTRAL AGUIAR";"04/04/2024 16:43:18";"04/04/2024 16:43:48";0
"CENTRAL AGUIAR";"04/04/2024 16:45:48";"04/04/2024 16:46:18";1
"CENTRAL AGUIAR";"04/04/2024 16:54:48";"04/04/2024 16:55:18";1
"CENTRAL AGUIAR";"04/04/2024 16:58:49";"04/04/2024 16:59:19";1
"CENTRAL AGUIAR";"04/04/2024 17:02:49";"04/04/2024 17:03:19";1
"CENTRAL AGUIAR";"04/04/2024 17:06:49";"04/04/2024 17:07:19";1
"CENTRAL AGUIAR";"04/04/2024 17:19:49";"04/04/2024 17:20:19";1
"CENTRAL AGUIAR";"04/04/2024 17:31:49";"04/04/2024 17:32:19";1
"CENTRAL AGUIAR";"04/04/2024 17:39:49";"04/04/2024 17:40:19";1
"CENTRAL AGUIAR";"04/04/2024 17:43:50";"04/04/2024 17:44:20";1
"CENTRAL AGUIAR";"04/04/2024 17:51:49";"04/04/2024 17:52:19";1
"CENTRAL AGUIAR";"05/04/2024 09:00:36";"05/04/2024 09:01:06";1
"CENTRAL AGUIAR";"05/04/2024 09:30:06";"05/04/2024 09:30:36";0
"CENTRAL AGUIAR";"05/04/2024 09:44:36";"05/04/2024 09:45:06";1
"CENTRAL AGUIAR";"05/04/2024 10:00:37";"05/04/2024 10:01:07";1
"CENTRAL AGUIAR";"05/04/2024 10:06:37";"05/04/2024 10:07:07";1
"CENTRAL AGUIAR";"05/04/2024 10:12:37";"05/04/2024 10:13:07";1
"CENTRAL AGUIAR";"05/04/2024 10:24:37";"05/04/2024 10:25:07";1
"CENTRAL AGUIAR";"05/04/2024 10:46:08";"05/04/2024 10:46:38";0
"CENTRAL AGUIAR";"05/04/2024 10:48:38";"05/04/2024 10:49:08";1
"CENTRAL AGUIAR";"05/04/2024 10:50:08";"05/04/2024 10:50:38";0
"CENTRAL AGUIAR";"05/04/2024 11:01:38";"05/04/2024 11:02:08";1
"CENTRAL AGUIAR";"05/04/2024 11:06:38";"05/04/2024 11:07:08";1
"CENTRAL AGUIAR";"05/04/2024 11:27:39";"05/04/2024 11:28:09";1
"CENTRAL AGUIAR";"05/04/2024 11:33:39";"05/04/2024 11:34:09";1
"CENTRAL AGUIAR";"05/04/2024 11:35:08";"05/04/2024 11:35:38";0
"CENTRAL AGUIAR";"05/04/2024 11:37:39";"05/04/2024 11:38:09";1
"CENTRAL AGUIAR";"05/04/2024 11:47:09";"05/04/2024 11:47:39";0
"CENTRAL AGUIAR";"05/04/2024 11:48:39";"05/04/2024 11:49:09";1
"CENTRAL AGUIAR";"05/04/2024 12:02:39";"05/04/2024 12:03:09";1
"CENTRAL AGUIAR";"05/04/2024 12:09:10";"05/04/2024 12:09:40";0
"CENTRAL AGUIAR";"05/04/2024 12:18:10";"05/04/2024 12:18:40";0
"CENTRAL AGUIAR";"05/04/2024 12:19:40";"05/04/2024 12:20:10";1
"CENTRAL AGUIAR";"05/04/2024 12:34:10";"05/04/2024 12:34:40";0
"CENTRAL AGUIAR";"05/04/2024 12:40:40";"05/04/2024 12:41:10";1
"CENTRAL AGUIAR";"05/04/2024 12:47:40";"05/04/2024 12:48:10";1
"CENTRAL AGUIAR";"05/04/2024 13:02:10";"05/04/2024 13:02:40";0
"CENTRAL AGUIAR";"05/04/2024 13:03:41";"05/04/2024 13:04:11";1
"CENTRAL AGUIAR";"05/04/2024 13:06:11";"05/04/2024 13:06:42";0
"CENTRAL AGUIAR";"05/04/2024 13:10:11";"05/04/2024 13:10:42";0
"CENTRAL AGUIAR";"05/04/2024 13:14:11";"05/04/2024 13:14:42";0
"CENTRAL AGUIAR";"05/04/2024 13:19:41";"05/04/2024 13:20:11";1
"CENTRAL AGUIAR";"05/04/2024 13:30:11";"05/04/2024 13:30:41";0
"CENTRAL AGUIAR";"05/04/2024 13:43:12";"05/04/2024 13:43:42";0
"CENTRAL AGUIAR";"05/04/2024 13:48:41";"05/04/2024 13:49:11";1
"CENTRAL AGUIAR";"05/04/2024 13:51:12";"05/04/2024 13:51:42";0
"CENTRAL AGUIAR";"05/04/2024 13:56:12";"05/04/2024 13:56:43";0
"CENTRAL AGUIAR";"05/04/2024 14:00:12";"05/04/2024 14:00:43";0
"CENTRAL AGUIAR";"05/04/2024 14:04:12";"05/04/2024 14:04:43";0
"CENTRAL AGUIAR";"05/04/2024 14:08:12";"05/04/2024 14:08:43";0
"CENTRAL AGUIAR";"05/04/2024 14:12:12";"05/04/2024 14:12:43";0
"CENTRAL AGUIAR";"05/04/2024 14:16:12";"05/04/2024 14:16:43";0
"CENTRAL AGUIAR";"05/04/2024 14:20:12";"05/04/2024 14:20:43";0
"CENTRAL AGUIAR";"05/04/2024 14:24:12";"05/04/2024 14:24:43";0
"CENTRAL AGUIAR";"05/04/2024 14:28:12";"05/04/2024 14:28:43";0
"CENTRAL AGUIAR";"05/04/2024 14:32:12";"05/04/2024 14:32:43";0
"CENTRAL AGUIAR";"05/04/2024 14:44:12";"05/04/2024 14:44:43";0
"CENTRAL AGUIAR";"05/04/2024 14:48:13";"05/04/2024 14:48:43";0
"CENTRAL AGUIAR";"05/04/2024 14:49:42";"05/04/2024 14:50:12";1
"CENTRAL AGUIAR";"05/04/2024 15:05:42";"05/04/2024 15:06:12";1
"CENTRAL AGUIAR";"05/04/2024 15:08:13";"05/04/2024 15:08:44";0
"CENTRAL AGUIAR";"05/04/2024 15:09:43";"05/04/2024 15:10:13";1
"CENTRAL AGUIAR";"05/04/2024 15:12:13";"05/04/2024 15:12:44";0
"CENTRAL AGUIAR";"05/04/2024 15:16:13";"05/04/2024 15:16:45";0
"CENTRAL AGUIAR";"05/04/2024 15:20:13";"05/04/2024 15:20:47";0
"CENTRAL AGUIAR";"05/04/2024 15:21:44";"05/04/2024 15:22:13";1
"CENTRAL AGUIAR";"05/04/2024 15:24:13";"05/04/2024 15:24:45";0
"CENTRAL AGUIAR";"05/04/2024 15:25:44";"05/04/2024 15:26:13";1
"CENTRAL AGUIAR";"05/04/2024 15:28:13";"05/04/2024 15:28:45";0
"CENTRAL AGUIAR";"05/04/2024 15:32:13";"05/04/2024 15:32:46";0
"CENTRAL AGUIAR";"05/04/2024 15:36:14";"05/04/2024 15:36:46";0
"CENTRAL AGUIAR";"05/04/2024 15:40:15";"05/04/2024 15:40:46";0
"CENTRAL AGUIAR";"05/04/2024 15:44:15";"05/04/2024 15:44:46";0
"CENTRAL AGUIAR";"05/04/2024 15:48:15";"05/04/2024 15:48:46";0
"CENTRAL AGUIAR";"05/04/2024 15:51:15";"05/04/2024 15:51:46";0
"CENTRAL AGUIAR";"05/04/2024 15:52:15";"05/04/2024 15:52:46";0
"CENTRAL AGUIAR";"05/04/2024 15:56:15";"05/04/2024 15:56:46";0
"CENTRAL AGUIAR";"05/04/2024 16:00:15";"05/04/2024 16:00:46";0
"CENTRAL AGUIAR";"05/04/2024 16:08:15";"05/04/2024 16:08:46";0
"CENTRAL AGUIAR";"05/04/2024 16:12:15";"05/04/2024 16:12:46";0
"CENTRAL AGUIAR";"05/04/2024 16:16:15";"05/04/2024 16:16:46";0
"CENTRAL AGUIAR";"05/04/2024 16:20:15";"05/04/2024 16:20:46";0
"CENTRAL AGUIAR";"05/04/2024 16:21:45";"05/04/2024 16:22:15";1
"CENTRAL AGUIAR";"05/04/2024 16:25:15";"05/04/2024 16:25:46";0
"CENTRAL AGUIAR";"05/04/2024 16:29:15";"05/04/2024 16:29:47";0
"CENTRAL AGUIAR";"05/04/2024 16:33:16";"05/04/2024 16:33:47";0
"CENTRAL AGUIAR";"05/04/2024 16:37:16";"05/04/2024 16:37:47";0
"CENTRAL AGUIAR";"05/04/2024 16:41:16";"05/04/2024 16:41:47";0
"CENTRAL AGUIAR";"05/04/2024 16:45:16";"05/04/2024 16:45:47";0
"CENTRAL AGUIAR";"05/04/2024 16:49:16";"05/04/2024 16:49:47";0
"CENTRAL AGUIAR";"05/04/2024 16:52:16";"05/04/2024 16:52:47";0
"CENTRAL AGUIAR";"05/04/2024 16:53:17";"05/04/2024 16:53:47";0
"CENTRAL AGUIAR";"05/04/2024 16:57:16";"05/04/2024 16:57:47";0
"CENTRAL AGUIAR";"05/04/2024 17:01:16";"05/04/2024 17:01:47";0
"CENTRAL AGUIAR";"05/04/2024 17:05:17";"05/04/2024 17:05:47";0
"CENTRAL AGUIAR";"05/04/2024 17:07:47";"05/04/2024 17:08:17";1
"CENTRAL AGUIAR";"05/04/2024 17:10:17";"05/04/2024 17:10:48";0
"CENTRAL AGUIAR";"05/04/2024 17:14:17";"05/04/2024 17:14:47";0
"CENTRAL AGUIAR";"05/04/2024 17:18:17";"05/04/2024 17:18:47";0
"CENTRAL AGUIAR";"05/04/2024 17:22:17";"05/04/2024 17:22:48";0
"CENTRAL AGUIAR";"05/04/2024 17:23:47";"05/04/2024 17:24:17";1
"CENTRAL AGUIAR";"05/04/2024 17:26:17";"05/04/2024 17:26:48";0
"CENTRAL AGUIAR";"05/04/2024 17:30:17";"05/04/2024 17:30:48";0
"CENTRAL AGUIAR";"05/04/2024 17:34:17";"05/04/2024 17:34:48";0
"CENTRAL AGUIAR";"05/04/2024 17:38:17";"05/04/2024 17:38:48";0
"CENTRAL AGUIAR";"05/04/2024 17:42:17";"05/04/2024 17:42:48";0
"CENTRAL AGUIAR";"05/04/2024 17:46:17";"05/04/2024 17:46:48";0
"CENTRAL AGUIAR";"05/04/2024 17:50:17";"05/04/2024 17:50:48";0
"CENTRAL AGUIAR";"05/04/2024 17:54:17";"05/04/2024 17:54:48";0
"CENTRAL AGUIAR";"05/04/2024 17:55:47";"05/04/2024 17:56:17";1
"CENTRAL AGUIAR";"05/04/2024 17:58:17";"05/04/2024 17:58:48";0
"CENTRAL AGUIAR";"06/04/2024 09:00:47";"06/04/2024 09:01:17";1
"CENTRAL AGUIAR";"06/04/2024 09:04:47";"06/04/2024 09:05:17";1
"CENTRAL AGUIAR";"06/04/2024 09:08:48";"06/04/2024 09:09:19";1
"CENTRAL AGUIAR";"06/04/2024 09:10:17";"06/04/2024 09:10:47";0
"CENTRAL AGUIAR";"06/04/2024 09:12:47";"06/04/2024 09:13:18";1
"CENTRAL AGUIAR";"06/04/2024 09:16:47";"06/04/2024 09:17:18";1
"CENTRAL AGUIAR";"06/04/2024 09:20:47";"06/04/2024 09:21:17";1
"CENTRAL AGUIAR";"06/04/2024 09:23:48";"06/04/2024 09:24:18";1
"CENTRAL AGUIAR";"06/04/2024 09:39:18";"06/04/2024 09:39:48";0
"CENTRAL AGUIAR";"06/04/2024 09:41:48";"06/04/2024 09:42:19";1
"CENTRAL AGUIAR";"06/04/2024 09:45:48";"06/04/2024 09:46:19";1
"CENTRAL AGUIAR";"06/04/2024 09:49:48";"06/04/2024 09:50:20";1
"CENTRAL AGUIAR";"06/04/2024 09:53:49";"06/04/2024 09:54:21";1
"CENTRAL AGUIAR";"06/04/2024 09:57:48";"06/04/2024 09:58:20";1
"CENTRAL AGUIAR";"06/04/2024 10:01:48";"06/04/2024 10:02:21";1
"CENTRAL AGUIAR";"06/04/2024 10:05:49";"06/04/2024 10:06:21";1
"CENTRAL AGUIAR";"06/04/2024 10:09:49";"06/04/2024 10:10:22";1
"CENTRAL AGUIAR";"06/04/2024 10:11:20";"06/04/2024 10:11:49";0
"CENTRAL AGUIAR";"06/04/2024 10:13:49";"06/04/2024 10:14:20";1
"CENTRAL AGUIAR";"06/04/2024 10:17:49";"06/04/2024 10:18:21";1
"CENTRAL AGUIAR";"06/04/2024 10:21:49";"06/04/2024 10:22:20";1
"CENTRAL AGUIAR";"06/04/2024 10:25:50";"06/04/2024 10:26:22";1
"CENTRAL AGUIAR";"06/04/2024 10:29:50";"06/04/2024 10:30:21";1
"CENTRAL AGUIAR";"06/04/2024 10:33:50";"06/04/2024 10:34:21";1
"CENTRAL AGUIAR";"06/04/2024 10:37:50";"06/04/2024 10:38:21";1
"CENTRAL AGUIAR";"06/04/2024 10:40:21";"06/04/2024 10:40:51";0
"CENTRAL AGUIAR";"06/04/2024 10:42:51";"06/04/2024 10:43:22";1
"CENTRAL AGUIAR";"06/04/2024 10:47:51";"06/04/2024 10:48:22";1
"CENTRAL AGUIAR";"06/04/2024 10:51:51";"06/04/2024 10:52:22";1
"CENTRAL AGUIAR";"06/04/2024 10:56:51";"06/04/2024 10:57:22";1
"CENTRAL AGUIAR";"06/04/2024 10:58:21";"06/04/2024 10:58:51";0
"CENTRAL AGUIAR";"06/04/2024 11:00:51";"06/04/2024 11:01:22";1
"CENTRAL AGUIAR";"06/04/2024 11:04:51";"06/04/2024 11:05:22";1
"CENTRAL AGUIAR";"06/04/2024 11:09:52";"06/04/2024 11:10:22";1
"CENTRAL AGUIAR";"06/04/2024 11:11:22";"06/04/2024 11:11:52";0
"CENTRAL AGUIAR";"06/04/2024 11:13:52";"06/04/2024 11:14:22";1
"CENTRAL AGUIAR";"06/04/2024 11:17:52";"06/04/2024 11:18:22";1
"CENTRAL AGUIAR";"06/04/2024 11:21:52";"06/04/2024 11:22:22";1
"CENTRAL AGUIAR";"06/04/2024 11:26:53";"06/04/2024 11:27:23";1
"CENTRAL AGUIAR";"06/04/2024 11:30:52";"06/04/2024 11:31:22";1
"CENTRAL AGUIAR";"06/04/2024 11:34:52";"06/04/2024 11:35:22";1
"CENTRAL AGUIAR";"06/04/2024 11:38:52";"06/04/2024 11:39:22";1
"CENTRAL AGUIAR";"06/04/2024 11:42:52";"06/04/2024 11:43:22";1
"CENTRAL AGUIAR";"06/04/2024 11:46:53";"06/04/2024 11:47:23";1
"CENTRAL AGUIAR";"06/04/2024 11:50:53";"06/04/2024 11:51:23";1
"CENTRAL AGUIAR";"06/04/2024 11:54:53";"06/04/2024 11:55:23";1
"CENTRAL AGUIAR";"06/04/2024 11:56:23";"06/04/2024 11:56:53";0
"CENTRAL AGUIAR";"06/04/2024 11:58:53";"06/04/2024 11:59:23";1
"CENTRAL AGUIAR";"06/04/2024 12:02:53";"06/04/2024 12:03:23";1
"CENTRAL AGUIAR";"06/04/2024 12:06:53";"06/04/2024 12:07:23";1
"CENTRAL AGUIAR";"06/04/2024 12:11:54";"06/04/2024 12:12:24";1
"CENTRAL AGUIAR";"06/04/2024 12:13:23";"06/04/2024 12:13:53";0
"CENTRAL AGUIAR";"06/04/2024 12:15:54";"06/04/2024 12:16:24";1
"CENTRAL AGUIAR";"06/04/2024 12:17:23";"06/04/2024 12:17:53";0
"CENTRAL AGUIAR";"06/04/2024 12:19:53";"06/04/2024 12:20:23";1
"CENTRAL AGUIAR";"06/04/2024 12:23:53";"06/04/2024 12:24:23";1
"CENTRAL AGUIAR";"06/04/2024 12:27:54";"06/04/2024 12:28:24";1
"CENTRAL AGUIAR";"06/04/2024 12:29:23";"06/04/2024 12:29:53";0
"CENTRAL AGUIAR";"06/04/2024 12:32:54";"06/04/2024 12:33:24";1
"CENTRAL AGUIAR";"06/04/2024 12:36:54";"06/04/2024 12:37:24";1
"CENTRAL AGUIAR";"06/04/2024 12:40:54";"06/04/2024 12:41:24";1
"CENTRAL AGUIAR";"06/04/2024 12:42:24";"06/04/2024 12:42:54";0
"CENTRAL AGUIAR";"06/04/2024 12:44:54";"06/04/2024 12:45:24";1
"CENTRAL AGUIAR";"06/04/2024 12:48:54";"06/04/2024 12:49:24";1
"CENTRAL AGUIAR";"06/04/2024 12:52:54";"06/04/2024 12:53:24";1
"CENTRAL AGUIAR";"06/04/2024 12:56:54";"06/04/2024 12:57:24";1
"CENTRAL AGUIAR";"06/04/2024 12:58:24";"06/04/2024 12:58:54";0
"CENTRAL AGUIAR";"08/04/2024 09:00:46";"08/04/2024 09:01:16";1
"CENTRAL AGUIAR";"08/04/2024 09:04:46";"08/04/2024 09:05:16";1
"CENTRAL AGUIAR";"08/04/2024 09:12:47";"08/04/2024 09:13:17";1
"CENTRAL AGUIAR";"08/04/2024 09:16:47";"08/04/2024 09:17:17";1
"CENTRAL AGUIAR";"08/04/2024 09:20:47";"08/04/2024 09:21:17";1
"CENTRAL AGUIAR";"08/04/2024 09:26:17";"08/04/2024 09:26:47";0
"CENTRAL AGUIAR";"08/04/2024 09:33:47";"08/04/2024 09:34:17";1
"CENTRAL AGUIAR";"08/04/2024 09:41:48";"08/04/2024 09:42:18";1
"CENTRAL AGUIAR";"08/04/2024 09:43:17";"08/04/2024 09:43:47";0
"CENTRAL AGUIAR";"08/04/2024 09:44:47";"08/04/2024 09:45:17";1
"CENTRAL AGUIAR";"08/04/2024 09:45:48";"08/04/2024 09:46:18";1
"CENTRAL AGUIAR";"08/04/2024 09:49:47";"08/04/2024 09:50:17";1
"CENTRAL AGUIAR";"08/04/2024 09:53:47";"08/04/2024 09:54:17";1
"CENTRAL AGUIAR";"08/04/2024 09:57:47";"08/04/2024 09:58:17";1
"CENTRAL AGUIAR";"08/04/2024 10:01:47";"08/04/2024 10:02:17";1
"CENTRAL AGUIAR";"08/04/2024 10:05:47";"08/04/2024 10:06:17";1
"CENTRAL AGUIAR";"08/04/2024 10:09:48";"08/04/2024 10:10:18";1
"CENTRAL AGUIAR";"08/04/2024 10:12:48";"08/04/2024 10:13:18";1
"CENTRAL AGUIAR";"08/04/2024 10:13:48";"08/04/2024 10:14:18";1
"CENTRAL AGUIAR";"08/04/2024 10:17:48";"08/04/2024 10:18:18";1
"CENTRAL AGUIAR";"08/04/2024 10:21:48";"08/04/2024 10:22:18";1
"CENTRAL AGUIAR";"08/04/2024 10:25:48";"08/04/2024 10:26:18";1
"CENTRAL AGUIAR";"08/04/2024 10:27:18";"08/04/2024 10:27:48";0
"CENTRAL AGUIAR";"08/04/2024 10:29:48";"08/04/2024 10:30:18";1
"CENTRAL AGUIAR";"08/04/2024 10:33:48";"08/04/2024 10:34:18";1
"CENTRAL AGUIAR";"08/04/2024 10:37:48";"08/04/2024 10:38:18";1
"CENTRAL AGUIAR";"08/04/2024 10:41:48";"08/04/2024 10:42:18";1
"CENTRAL AGUIAR";"08/04/2024 10:43:18";"08/04/2024 10:43:48";0
"CENTRAL AGUIAR";"08/04/2024 10:45:49";"08/04/2024 10:46:19";1
"CENTRAL AGUIAR";"08/04/2024 10:49:48";"08/04/2024 10:50:18";1
"CENTRAL AGUIAR";"08/04/2024 10:53:48";"08/04/2024 10:54:18";1
"CENTRAL AGUIAR";"08/04/2024 10:57:49";"08/04/2024 10:58:19";1
"CENTRAL AGUIAR";"08/04/2024 11:01:49";"08/04/2024 11:02:19";1
"CENTRAL AGUIAR";"08/04/2024 11:05:49";"08/04/2024 11:06:19";1
"CENTRAL AGUIAR";"08/04/2024 11:09:49";"08/04/2024 11:10:19";1
"CENTRAL AGUIAR";"08/04/2024 11:13:49";"08/04/2024 11:14:22";1
"CENTRAL AGUIAR";"08/04/2024 11:15:19";"08/04/2024 11:15:49";0
"CENTRAL AGUIAR";"08/04/2024 11:17:50";"08/04/2024 11:18:20";1
"CENTRAL AGUIAR";"08/04/2024 11:19:20";"08/04/2024 11:19:50";0
"CENTRAL AGUIAR";"08/04/2024 11:21:50";"08/04/2024 11:22:20";1
"CENTRAL AGUIAR";"08/04/2024 11:25:50";"08/04/2024 11:26:20";1
"CENTRAL AGUIAR";"08/04/2024 11:33:50";"08/04/2024 11:34:20";1
"CENTRAL AGUIAR";"08/04/2024 11:37:50";"08/04/2024 11:38:20";1
"CENTRAL AGUIAR";"08/04/2024 11:39:51";"08/04/2024 11:40:21";1
"CENTRAL AGUIAR";"08/04/2024 11:41:50";"08/04/2024 11:42:20";1
"CENTRAL AGUIAR";"08/04/2024 11:43:20";"08/04/2024 11:43:50";0
"CENTRAL AGUIAR";"08/04/2024 11:45:51";"08/04/2024 11:46:21";1
"CENTRAL AGUIAR";"08/04/2024 11:53:50";"08/04/2024 11:54:20";1
"CENTRAL AGUIAR";"08/04/2024 11:57:50";"08/04/2024 11:58:20";1
"CENTRAL AGUIAR";"08/04/2024 11:58:51";"08/04/2024 11:59:21";1
"CENTRAL AGUIAR";"08/04/2024 12:00:20";"08/04/2024 12:00:50";0
"CENTRAL AGUIAR";"08/04/2024 12:02:50";"08/04/2024 12:03:20";1
"CENTRAL AGUIAR";"08/04/2024 12:11:51";"08/04/2024 12:12:21";1
"CENTRAL AGUIAR";"08/04/2024 12:15:51";"08/04/2024 12:16:21";1
"CENTRAL AGUIAR";"08/04/2024 12:19:51";"08/04/2024 12:20:21";1
"CENTRAL AGUIAR";"08/04/2024 12:23:51";"08/04/2024 12:24:21";1
"CENTRAL AGUIAR";"08/04/2024 12:31:51";"08/04/2024 12:32:21";1
"CENTRAL AGUIAR";"08/04/2024 12:45:21";"08/04/2024 12:45:52";0
"CENTRAL AGUIAR";"08/04/2024 13:29:53";"08/04/2024 13:30:23";1
"CENTRAL AGUIAR";"08/04/2024 13:31:22";"08/04/2024 13:31:52";0
"CENTRAL AGUIAR";"08/04/2024 13:45:53";"08/04/2024 13:46:23";1
"CENTRAL AGUIAR";"08/04/2024 13:46:54";"08/04/2024 13:47:53";1
"CENTRAL AGUIAR";"08/04/2024 13:49:53";"08/04/2024 13:50:23";1
"CENTRAL AGUIAR";"08/04/2024 13:52:23";"08/04/2024 13:52:53";0
"CENTRAL AGUIAR";"08/04/2024 14:16:23";"08/04/2024 14:16:53";0
"CENTRAL AGUIAR";"08/04/2024 14:18:54";"08/04/2024 14:19:24";1
"CENTRAL AGUIAR";"08/04/2024 14:20:23";"08/04/2024 14:20:53";0
"CENTRAL AGUIAR";"08/04/2024 14:21:24";"08/04/2024 14:21:54";0
"CENTRAL AGUIAR";"08/04/2024 14:22:54";"08/04/2024 14:23:24";1
"CENTRAL AGUIAR";"08/04/2024 14:30:54";"08/04/2024 14:31:24";1
"CENTRAL AGUIAR";"08/04/2024 14:46:55";"08/04/2024 14:47:24";1
"CENTRAL AGUIAR";"08/04/2024 14:48:24";"08/04/2024 14:48:54";0
"CENTRAL AGUIAR";"08/04/2024 15:19:55";"08/04/2024 15:20:25";1
"CENTRAL AGUIAR";"08/04/2024 15:31:55";"08/04/2024 15:32:25";1
"CENTRAL AGUIAR";"08/04/2024 15:35:55";"08/04/2024 15:36:25";1
"CENTRAL AGUIAR";"08/04/2024 15:36:55";"08/04/2024 15:37:25";1
"CENTRAL AGUIAR";"08/04/2024 15:47:56";"08/04/2024 15:48:26";1
"CENTRAL AGUIAR";"08/04/2024 15:48:56";"08/04/2024 15:49:26";1
"CENTRAL AGUIAR";"08/04/2024 15:51:25";"08/04/2024 15:51:55";0
"CENTRAL AGUIAR";"08/04/2024 16:31:26";"08/04/2024 16:31:58";0
"CENTRAL AGUIAR";"08/04/2024 16:32:57";"08/04/2024 16:33:26";1
"CENTRAL AGUIAR";"08/04/2024 16:35:27";"08/04/2024 16:35:59";0
"CENTRAL AGUIAR";"08/04/2024 16:36:57";"08/04/2024 16:37:26";1
"CENTRAL AGUIAR";"08/04/2024 16:39:27";"08/04/2024 16:39:59";0
"CENTRAL AGUIAR";"08/04/2024 16:48:58";"08/04/2024 16:49:27";1
"CENTRAL AGUIAR";"08/04/2024 16:55:28";"08/04/2024 16:55:59";0
"CENTRAL AGUIAR";"08/04/2024 16:59:28";"08/04/2024 16:59:59";0
"CENTRAL AGUIAR";"08/04/2024 17:03:29";"08/04/2024 17:04:01";1
"CENTRAL AGUIAR";"08/04/2024 17:04:59";"08/04/2024 17:05:29";1
"CENTRAL AGUIAR";"08/04/2024 17:07:29";"08/04/2024 17:08:00";1
"CENTRAL AGUIAR";"08/04/2024 17:11:29";"08/04/2024 17:12:00";1
"CENTRAL AGUIAR";"08/04/2024 17:15:29";"08/04/2024 17:16:00";1
"CENTRAL AGUIAR";"08/04/2024 17:19:29";"08/04/2024 17:20:02";1
"CENTRAL AGUIAR";"08/04/2024 17:20:59";"08/04/2024 17:21:29";1
"CENTRAL AGUIAR";"08/04/2024 17:23:29";"08/04/2024 17:24:00";1
"CENTRAL AGUIAR";"08/04/2024 17:27:29";"08/04/2024 17:28:00";1
"CENTRAL AGUIAR";"08/04/2024 17:31:29";"08/04/2024 17:32:00";1
"CENTRAL AGUIAR";"08/04/2024 17:35:30";"08/04/2024 17:36:00";1
"CENTRAL AGUIAR";"08/04/2024 17:39:30";"08/04/2024 17:40:00";1
"CENTRAL AGUIAR";"08/04/2024 17:43:30";"08/04/2024 17:44:00";1
"CENTRAL AGUIAR";"08/04/2024 17:47:30";"08/04/2024 17:48:00";1
"CENTRAL AGUIAR";"08/04/2024 17:51:30";"08/04/2024 17:52:00";1
"CENTRAL AGUIAR";"08/04/2024 17:55:30";"08/04/2024 17:56:00";1
"CENTRAL AGUIAR";"09/04/2024 09:04:29";"09/04/2024 09:04:59";0
"CENTRAL AGUIAR";"09/04/2024 09:16:29";"09/04/2024 09:16:59";0
"CENTRAL AGUIAR";"09/04/2024 09:26:59";"09/04/2024 09:27:29";1
"CENTRAL AGUIAR";"09/04/2024 09:33:28";"09/04/2024 09:33:58";0
"CENTRAL AGUIAR";"09/04/2024 09:34:59";"09/04/2024 09:35:29";1
"CENTRAL AGUIAR";"09/04/2024 09:37:28";"09/04/2024 09:37:58";0
"CENTRAL AGUIAR";"09/04/2024 09:41:28";"09/04/2024 09:41:58";0
"CENTRAL AGUIAR";"09/04/2024 09:45:28";"09/04/2024 09:45:58";0
"CENTRAL AGUIAR";"09/04/2024 09:49:28";"09/04/2024 09:49:58";0
"CENTRAL AGUIAR";"09/04/2024 09:50:59";"09/04/2024 09:51:29";1
"CENTRAL AGUIAR";"09/04/2024 09:53:28";"09/04/2024 09:53:58";0
"CENTRAL AGUIAR";"09/04/2024 09:57:29";"09/04/2024 09:57:59";0
"CENTRAL AGUIAR";"09/04/2024 10:01:29";"09/04/2024 10:01:59";0
"CENTRAL AGUIAR";"09/04/2024 10:05:29";"09/04/2024 10:05:59";0
"CENTRAL AGUIAR";"09/04/2024 10:09:29";"09/04/2024 10:09:59";0
"CENTRAL AGUIAR";"09/04/2024 10:13:29";"09/04/2024 10:13:59";0
"CENTRAL AGUIAR";"09/04/2024 10:17:29";"09/04/2024 10:17:59";0
"CENTRAL AGUIAR";"09/04/2024 10:21:29";"09/04/2024 10:21:59";0
"CENTRAL AGUIAR";"09/04/2024 10:34:29";"09/04/2024 10:34:59";0
"CENTRAL AGUIAR";"09/04/2024 10:35:59";"09/04/2024 10:36:29";1
"CENTRAL AGUIAR";"09/04/2024 10:38:29";"09/04/2024 10:38:59";0
"CENTRAL AGUIAR";"09/04/2024 10:42:29";"09/04/2024 10:42:59";0
"CENTRAL AGUIAR";"09/04/2024 10:46:29";"09/04/2024 10:46:59";0
"CENTRAL AGUIAR";"09/04/2024 10:52:29";"09/04/2024 10:52:59";0
"CENTRAL AGUIAR";"09/04/2024 10:56:29";"09/04/2024 10:56:59";0
"CENTRAL AGUIAR";"09/04/2024 11:00:29";"09/04/2024 11:00:59";0
"CENTRAL AGUIAR";"09/04/2024 11:04:29";"09/04/2024 11:04:59";0
"CENTRAL AGUIAR";"09/04/2024 11:07:29";"09/04/2024 11:07:59";0
"CENTRAL AGUIAR";"09/04/2024 11:08:29";"09/04/2024 11:08:59";0
"CENTRAL AGUIAR";"09/04/2024 11:09:59";"09/04/2024 11:10:29";1
"CENTRAL AGUIAR";"09/04/2024 11:12:29";"09/04/2024 11:12:59";0
"CENTRAL AGUIAR";"09/04/2024 11:16:29";"09/04/2024 11:16:59";0
"CENTRAL AGUIAR";"09/04/2024 11:20:29";"09/04/2024 11:20:59";0
"CENTRAL AGUIAR";"09/04/2024 11:21:59";"09/04/2024 11:22:29";1
"CENTRAL AGUIAR";"09/04/2024 11:24:30";"09/04/2024 11:25:01";1
"CENTRAL AGUIAR";"09/04/2024 11:25:59";"09/04/2024 11:26:29";1
"CENTRAL AGUIAR";"09/04/2024 11:28:29";"09/04/2024 11:28:59";0
"CENTRAL AGUIAR";"09/04/2024 11:32:29";"09/04/2024 11:32:59";0
"CENTRAL AGUIAR";"09/04/2024 11:36:29";"09/04/2024 11:37:00";1
"CENTRAL AGUIAR";"09/04/2024 11:37:59";"09/04/2024 11:38:29";1
"CENTRAL AGUIAR";"09/04/2024 11:40:29";"09/04/2024 11:40:59";0
"CENTRAL AGUIAR";"09/04/2024 11:45:29";"09/04/2024 11:45:59";0
"CENTRAL AGUIAR";"09/04/2024 11:49:29";"09/04/2024 11:49:59";0
"CENTRAL AGUIAR";"09/04/2024 11:53:29";"09/04/2024 11:53:59";0
"CENTRAL AGUIAR";"09/04/2024 11:58:29";"09/04/2024 11:59:00";1
"CENTRAL AGUIAR";"09/04/2024 12:02:29";"09/04/2024 12:03:00";1
"CENTRAL AGUIAR";"09/04/2024 12:06:29";"09/04/2024 12:07:00";1
"CENTRAL AGUIAR";"09/04/2024 12:07:59";"09/04/2024 12:08:29";1
"CENTRAL AGUIAR";"09/04/2024 12:10:30";"09/04/2024 12:11:00";1
"CENTRAL AGUIAR";"09/04/2024 12:14:29";"09/04/2024 12:15:00";1
"CENTRAL AGUIAR";"09/04/2024 12:18:29";"09/04/2024 12:19:00";1
"CENTRAL AGUIAR";"09/04/2024 12:22:30";"09/04/2024 12:23:00";1
"CENTRAL AGUIAR";"09/04/2024 12:23:59";"09/04/2024 12:24:29";1
"CENTRAL AGUIAR";"09/04/2024 12:26:29";"09/04/2024 12:27:00";1
"CENTRAL AGUIAR";"09/04/2024 12:30:29";"09/04/2024 12:31:00";1
"CENTRAL AGUIAR";"09/04/2024 12:34:29";"09/04/2024 12:35:00";1
"CENTRAL AGUIAR";"09/04/2024 12:38:30";"09/04/2024 12:39:00";1
"CENTRAL AGUIAR";"09/04/2024 12:42:30";"09/04/2024 12:43:00";1
"CENTRAL AGUIAR";"09/04/2024 12:46:30";"09/04/2024 12:47:00";1
"CENTRAL AGUIAR";"09/04/2024 12:50:30";"09/04/2024 12:51:00";1
"CENTRAL AGUIAR";"09/04/2024 12:53:30";"09/04/2024 12:54:00";1
"CENTRAL AGUIAR";"09/04/2024 12:54:30";"09/04/2024 12:55:01";1
"CENTRAL AGUIAR";"09/04/2024 12:56:00";"09/04/2024 12:56:30";0
"CENTRAL AGUIAR";"09/04/2024 12:58:30";"09/04/2024 12:59:00";1
"CENTRAL AGUIAR";"09/04/2024 13:02:30";"09/04/2024 13:03:00";1
"CENTRAL AGUIAR";"09/04/2024 13:06:30";"09/04/2024 13:07:01";1
"CENTRAL AGUIAR";"09/04/2024 13:10:30";"09/04/2024 13:11:00";1
"CENTRAL AGUIAR";"09/04/2024 13:14:30";"09/04/2024 13:15:01";1
"CENTRAL AGUIAR";"09/04/2024 13:18:30";"09/04/2024 13:19:00";1
"CENTRAL AGUIAR";"09/04/2024 13:22:30";"09/04/2024 13:23:01";1
"CENTRAL AGUIAR";"09/04/2024 13:24:00";"09/04/2024 13:24:30";0
"CENTRAL AGUIAR";"09/04/2024 13:26:30";"09/04/2024 13:27:01";1
"CENTRAL AGUIAR";"09/04/2024 13:30:30";"09/04/2024 13:31:01";1
"CENTRAL AGUIAR";"09/04/2024 13:34:30";"09/04/2024 13:35:01";1
"CENTRAL AGUIAR";"09/04/2024 13:38:30";"09/04/2024 13:39:01";1
"CENTRAL AGUIAR";"09/04/2024 13:42:30";"09/04/2024 13:43:01";1
"CENTRAL AGUIAR";"09/04/2024 13:46:31";"09/04/2024 13:47:01";1
"CENTRAL AGUIAR";"09/04/2024 13:50:31";"09/04/2024 13:51:01";1
"CENTRAL AGUIAR";"09/04/2024 13:54:31";"09/04/2024 13:55:01";1
"CENTRAL AGUIAR";"09/04/2024 13:58:31";"09/04/2024 13:59:01";1
"CENTRAL AGUIAR";"09/04/2024 14:02:31";"09/04/2024 14:03:01";1
"CENTRAL AGUIAR";"09/04/2024 14:06:31";"09/04/2024 14:07:01";1
"CENTRAL AGUIAR";"09/04/2024 14:10:31";"09/04/2024 14:11:02";1
"CENTRAL AGUIAR";"09/04/2024 14:14:31";"09/04/2024 14:15:02";1
"CENTRAL AGUIAR";"09/04/2024 14:18:31";"09/04/2024 14:19:01";1
"CENTRAL AGUIAR";"09/04/2024 14:23:31";"09/04/2024 14:24:01";1
"CENTRAL AGUIAR";"09/04/2024 14:25:01";"09/04/2024 14:25:31";0
"CENTRAL AGUIAR";"09/04/2024 14:28:31";"09/04/2024 14:29:02";1
"CENTRAL AGUIAR";"09/04/2024 14:32:31";"09/04/2024 14:33:02";1
"CENTRAL AGUIAR";"09/04/2024 14:36:31";"09/04/2024 14:37:02";1
"CENTRAL AGUIAR";"09/04/2024 14:40:32";"09/04/2024 14:41:02";1
"CENTRAL AGUIAR";"09/04/2024 14:42:01";"09/04/2024 14:42:31";0
"CENTRAL AGUIAR";"09/04/2024 14:44:32";"09/04/2024 14:45:02";1
"CENTRAL AGUIAR";"09/04/2024 14:48:32";"09/04/2024 14:49:02";1
"CENTRAL AGUIAR";"09/04/2024 14:52:32";"09/04/2024 14:53:05";1
"CENTRAL AGUIAR";"09/04/2024 14:55:32";"09/04/2024 14:56:02";1
"CENTRAL AGUIAR";"09/04/2024 14:56:32";"09/04/2024 14:57:02";1
"CENTRAL AGUIAR";"09/04/2024 14:58:02";"09/04/2024 14:58:32";0
"CENTRAL AGUIAR";"09/04/2024 15:00:32";"09/04/2024 15:01:02";1
"CENTRAL AGUIAR";"09/04/2024 15:04:32";"09/04/2024 15:05:02";1
"CENTRAL AGUIAR";"09/04/2024 15:08:32";"09/04/2024 15:09:02";1
"CENTRAL AGUIAR";"09/04/2024 15:12:32";"09/04/2024 15:13:03";1
"CENTRAL AGUIAR";"09/04/2024 15:16:32";"09/04/2024 15:17:03";1
"CENTRAL AGUIAR";"09/04/2024 15:20:32";"09/04/2024 15:21:02";1
"CENTRAL AGUIAR";"09/04/2024 15:24:32";"09/04/2024 15:25:02";1
"CENTRAL AGUIAR";"09/04/2024 15:26:02";"09/04/2024 15:26:32";0
"CENTRAL AGUIAR";"09/04/2024 15:27:32";"09/04/2024 15:28:02";1
"CENTRAL AGUIAR";"09/04/2024 15:28:33";"09/04/2024 15:29:03";1
"CENTRAL AGUIAR";"09/04/2024 15:30:02";"09/04/2024 15:30:32";0
"CENTRAL AGUIAR";"09/04/2024 15:31:32";"09/04/2024 15:32:02";1
"CENTRAL AGUIAR";"09/04/2024 15:32:33";"09/04/2024 15:33:03";1
"CENTRAL AGUIAR";"09/04/2024 15:34:02";"09/04/2024 15:34:32";0
"CENTRAL AGUIAR";"09/04/2024 15:36:32";"09/04/2024 15:37:02";1
"CENTRAL AGUIAR";"09/04/2024 15:41:33";"09/04/2024 15:42:03";1
"CENTRAL AGUIAR";"09/04/2024 15:45:32";"09/04/2024 15:46:02";1
"CENTRAL AGUIAR";"09/04/2024 15:49:32";"09/04/2024 15:50:02";1
"CENTRAL AGUIAR";"09/04/2024 15:53:32";"09/04/2024 15:54:02";1
"CENTRAL AGUIAR";"09/04/2024 15:57:33";"09/04/2024 15:58:03";1
"CENTRAL AGUIAR";"09/04/2024 16:01:33";"09/04/2024 16:02:03";1
"CENTRAL AGUIAR";"09/04/2024 16:05:33";"09/04/2024 16:06:03";1
"CENTRAL AGUIAR";"09/04/2024 16:09:33";"09/04/2024 16:10:03";1
"CENTRAL AGUIAR";"09/04/2024 16:12:03";"09/04/2024 16:12:33";0
"CENTRAL AGUIAR";"09/04/2024 16:14:33";"09/04/2024 16:15:03";1
"CENTRAL AGUIAR";"09/04/2024 16:16:03";"09/04/2024 16:16:33";0
"CENTRAL AGUIAR";"09/04/2024 16:18:33";"09/04/2024 16:19:03";1
"CENTRAL AGUIAR";"09/04/2024 16:22:33";"09/04/2024 16:23:03";1
"CENTRAL AGUIAR";"09/04/2024 16:26:34";"09/04/2024 16:27:05";1
"CENTRAL AGUIAR";"09/04/2024 16:30:33";"09/04/2024 16:31:03";1
"CENTRAL AGUIAR";"09/04/2024 16:34:33";"09/04/2024 16:35:03";1
"CENTRAL AGUIAR";"09/04/2024 16:38:33";"09/04/2024 16:39:03";1
"CENTRAL AGUIAR";"09/04/2024 16:42:34";"09/04/2024 16:43:04";1
"CENTRAL AGUIAR";"09/04/2024 16:46:33";"09/04/2024 16:47:03";1
"CENTRAL AGUIAR";"09/04/2024 16:50:33";"09/04/2024 16:51:03";1
"CENTRAL AGUIAR";"09/04/2024 16:54:34";"09/04/2024 16:55:04";1
"CENTRAL AGUIAR";"09/04/2024 16:58:34";"09/04/2024 16:59:04";1
"CENTRAL AGUIAR";"09/04/2024 17:02:34";"09/04/2024 17:03:04";1
"CENTRAL AGUIAR";"09/04/2024 17:06:34";"09/04/2024 17:07:04";1
"CENTRAL AGUIAR";"09/04/2024 17:10:34";"09/04/2024 17:11:04";1
"CENTRAL AGUIAR";"09/04/2024 17:13:34";"09/04/2024 17:14:04";1
"CENTRAL AGUIAR";"09/04/2024 17:14:34";"09/04/2024 17:15:06";1
"CENTRAL AGUIAR";"09/04/2024 17:18:34";"09/04/2024 17:19:04";1
"CENTRAL AGUIAR";"09/04/2024 17:23:34";"09/04/2024 17:24:04";1
"CENTRAL AGUIAR";"09/04/2024 17:27:35";"09/04/2024 17:28:06";1
"CENTRAL AGUIAR";"09/04/2024 17:29:04";"09/04/2024 17:29:34";0
"CENTRAL AGUIAR";"09/04/2024 17:31:34";"09/04/2024 17:32:04";1
"CENTRAL AGUIAR";"09/04/2024 17:35:34";"09/04/2024 17:36:04";1
"CENTRAL AGUIAR";"09/04/2024 17:39:35";"09/04/2024 17:40:05";1
"CENTRAL AGUIAR";"09/04/2024 17:43:35";"09/04/2024 17:44:05";1
"CENTRAL AGUIAR";"09/04/2024 17:47:35";"09/04/2024 17:48:05";1
"CENTRAL AGUIAR";"09/04/2024 17:51:35";"09/04/2024 17:52:05";1
"CENTRAL AGUIAR";"09/04/2024 17:55:35";"09/04/2024 17:56:05";1
"CENTRAL AGUIAR";"10/04/2024 08:59:39";"10/04/2024 09:00:09";1
"CENTRAL AGUIAR";"10/04/2024 09:01:08";"10/04/2024 09:01:38";0
"CENTRAL AGUIAR";"10/04/2024 09:44:40";"10/04/2024 09:45:10";1
"CENTRAL AGUIAR";"10/04/2024 09:48:41";"10/04/2024 09:49:10";1
"CENTRAL AGUIAR";"10/04/2024 10:16:42";"10/04/2024 10:17:11";1
"CENTRAL AGUIAR";"10/04/2024 10:27:12";"10/04/2024 10:27:44";0
"CENTRAL AGUIAR";"10/04/2024 10:31:12";"10/04/2024 10:31:44";0
"CENTRAL AGUIAR";"10/04/2024 10:36:13";"10/04/2024 10:36:44";0
"CENTRAL AGUIAR";"10/04/2024 10:41:13";"10/04/2024 10:41:44";0
"CENTRAL AGUIAR";"10/04/2024 10:49:13";"10/04/2024 10:49:44";0
"CENTRAL AGUIAR";"10/04/2024 10:53:13";"10/04/2024 10:53:44";0
"CENTRAL AGUIAR";"10/04/2024 11:01:13";"10/04/2024 11:01:44";0
"CENTRAL AGUIAR";"10/04/2024 11:05:13";"10/04/2024 11:05:44";0
"CENTRAL AGUIAR";"10/04/2024 11:09:13";"10/04/2024 11:09:44";0
"CENTRAL AGUIAR";"10/04/2024 11:13:13";"10/04/2024 11:13:44";0
"CENTRAL AGUIAR";"10/04/2024 11:17:14";"10/04/2024 11:17:45";0
"CENTRAL AGUIAR";"10/04/2024 11:18:43";"10/04/2024 11:19:14";1
"CENTRAL AGUIAR";"10/04/2024 11:21:13";"10/04/2024 11:21:44";0
"CENTRAL AGUIAR";"10/04/2024 11:25:14";"10/04/2024 11:29:46";4
"CENTRAL AGUIAR";"10/04/2024 11:34:13";"10/04/2024 11:34:44";0
"CENTRAL AGUIAR";"10/04/2024 11:38:14";"10/04/2024 11:38:44";0
"CENTRAL AGUIAR";"10/04/2024 11:42:14";"10/04/2024 11:42:45";0
"CENTRAL AGUIAR";"10/04/2024 11:46:15";"10/04/2024 11:46:45";0
"CENTRAL AGUIAR";"10/04/2024 11:51:14";"10/04/2024 11:51:45";0
"CENTRAL AGUIAR";"10/04/2024 11:56:14";"10/04/2024 11:56:45";0
"CENTRAL AGUIAR";"10/04/2024 12:00:14";"10/04/2024 12:00:45";0
"CENTRAL AGUIAR";"10/04/2024 12:01:45";"10/04/2024 12:02:15";1
"CENTRAL AGUIAR";"10/04/2024 12:04:14";"10/04/2024 12:04:45";0
"CENTRAL AGUIAR";"10/04/2024 12:08:14";"10/04/2024 12:08:45";0
"CENTRAL AGUIAR";"10/04/2024 12:12:15";"10/04/2024 12:12:45";0
"CENTRAL AGUIAR";"10/04/2024 12:16:15";"10/04/2024 12:16:47";0
"CENTRAL AGUIAR";"10/04/2024 12:20:15";"10/04/2024 12:20:45";0
"CENTRAL AGUIAR";"10/04/2024 12:24:15";"10/04/2024 12:24:45";0
"CENTRAL AGUIAR";"10/04/2024 12:28:15";"10/04/2024 12:28:45";0
"CENTRAL AGUIAR";"10/04/2024 12:32:15";"10/04/2024 12:32:46";0
"CENTRAL AGUIAR";"10/04/2024 12:36:15";"10/04/2024 12:36:45";0
"CENTRAL AGUIAR";"10/04/2024 12:40:15";"10/04/2024 12:40:46";0
"CENTRAL AGUIAR";"10/04/2024 12:44:15";"10/04/2024 12:44:45";0
"CENTRAL AGUIAR";"10/04/2024 12:48:15";"10/04/2024 12:48:46";0
"CENTRAL AGUIAR";"10/04/2024 12:53:15";"10/04/2024 12:53:46";0
"CENTRAL AGUIAR";"10/04/2024 12:57:15";"10/04/2024 12:57:46";0
"CENTRAL AGUIAR";"10/04/2024 13:01:15";"10/04/2024 13:01:46";0
"CENTRAL AGUIAR";"10/04/2024 13:02:45";"10/04/2024 13:03:15";1
"CENTRAL AGUIAR";"10/04/2024 13:05:15";"10/04/2024 13:05:46";0
"CENTRAL AGUIAR";"10/04/2024 13:09:15";"10/04/2024 13:09:46";0
"CENTRAL AGUIAR";"10/04/2024 13:13:15";"10/04/2024 13:13:46";0
"CENTRAL AGUIAR";"10/04/2024 13:17:16";"10/04/2024 13:17:47";0
"CENTRAL AGUIAR";"10/04/2024 13:21:15";"10/04/2024 13:21:46";0
"CENTRAL AGUIAR";"10/04/2024 13:25:15";"10/04/2024 13:25:46";0
"CENTRAL AGUIAR";"10/04/2024 13:29:15";"10/04/2024 13:29:46";0
"CENTRAL AGUIAR";"10/04/2024 13:33:16";"10/04/2024 13:33:47";0
"CENTRAL AGUIAR";"10/04/2024 13:37:16";"10/04/2024 13:37:46";0
"CENTRAL AGUIAR";"10/04/2024 13:41:16";"10/04/2024 13:41:47";0
"CENTRAL AGUIAR";"10/04/2024 13:46:16";"10/04/2024 13:46:47";0
"CENTRAL AGUIAR";"10/04/2024 13:47:46";"10/04/2024 13:48:16";1
"CENTRAL AGUIAR";"10/04/2024 13:50:16";"10/04/2024 13:50:47";0
"CENTRAL AGUIAR";"10/04/2024 13:55:16";"10/04/2024 13:55:47";0
"CENTRAL AGUIAR";"10/04/2024 13:58:16";"10/04/2024 13:58:47";0
"CENTRAL AGUIAR";"10/04/2024 13:59:16";"10/04/2024 13:59:47";0
"CENTRAL AGUIAR";"10/04/2024 14:03:17";"10/04/2024 14:03:48";0
"CENTRAL AGUIAR";"10/04/2024 14:07:16";"10/04/2024 14:07:47";0
"CENTRAL AGUIAR";"10/04/2024 14:11:16";"10/04/2024 14:11:48";0
"CENTRAL AGUIAR";"10/04/2024 14:15:16";"10/04/2024 14:15:47";0
"CENTRAL AGUIAR";"10/04/2024 14:19:17";"10/04/2024 14:19:48";0
"CENTRAL AGUIAR";"10/04/2024 14:20:46";"10/04/2024 14:21:16";1
"CENTRAL AGUIAR";"10/04/2024 14:23:16";"10/04/2024 14:23:47";0
"CENTRAL AGUIAR";"10/04/2024 14:27:16";"10/04/2024 14:27:47";0
"CENTRAL AGUIAR";"10/04/2024 14:31:16";"10/04/2024 14:31:48";0
"CENTRAL AGUIAR";"10/04/2024 14:35:16";"10/04/2024 14:35:47";0
"CENTRAL AGUIAR";"10/04/2024 14:39:17";"10/04/2024 14:39:47";0
"CENTRAL AGUIAR";"10/04/2024 14:43:17";"10/04/2024 14:43:47";0
"CENTRAL AGUIAR";"10/04/2024 14:47:17";"10/04/2024 14:47:47";0
"CENTRAL AGUIAR";"10/04/2024 14:48:47";"10/04/2024 14:49:17";1
"CENTRAL AGUIAR";"10/04/2024 14:51:17";"10/04/2024 14:51:47";0
"CENTRAL AGUIAR";"10/04/2024 14:55:17";"10/04/2024 14:55:47";0
"CENTRAL AGUIAR";"10/04/2024 14:59:17";"10/04/2024 14:59:47";0
"CENTRAL AGUIAR";"10/04/2024 15:03:17";"10/04/2024 15:03:48";0
"CENTRAL AGUIAR";"10/04/2024 15:04:47";"10/04/2024 15:05:17";1
"CENTRAL AGUIAR";"10/04/2024 15:07:17";"10/04/2024 15:07:47";0
"CENTRAL AGUIAR";"10/04/2024 15:11:17";"10/04/2024 15:11:48";0
"CENTRAL AGUIAR";"10/04/2024 15:15:17";"10/04/2024 15:15:48";0
"CENTRAL AGUIAR";"10/04/2024 15:19:18";"10/04/2024 15:19:48";0
"CENTRAL AGUIAR";"10/04/2024 15:20:47";"10/04/2024 15:21:17";1
"CENTRAL AGUIAR";"10/04/2024 15:23:18";"10/04/2024 15:23:48";0
"CENTRAL AGUIAR";"10/04/2024 15:27:18";"10/04/2024 15:27:47";0
"CENTRAL AGUIAR";"10/04/2024 15:31:17";"10/04/2024 15:31:48";0
"CENTRAL AGUIAR";"10/04/2024 15:32:18";"10/04/2024 15:32:48";0
"CENTRAL AGUIAR";"10/04/2024 15:36:18";"10/04/2024 15:36:48";0
"CENTRAL AGUIAR";"10/04/2024 15:40:18";"10/04/2024 15:40:48";0
"CENTRAL AGUIAR";"10/04/2024 15:44:18";"10/04/2024 15:44:48";0
"CENTRAL AGUIAR";"10/04/2024 15:48:18";"10/04/2024 15:48:48";0
"CENTRAL AGUIAR";"10/04/2024 15:52:18";"10/04/2024 15:52:48";0
"CENTRAL AGUIAR";"10/04/2024 15:56:18";"10/04/2024 15:56:48";0
"CENTRAL AGUIAR";"10/04/2024 16:00:18";"10/04/2024 16:00:48";0
"CENTRAL AGUIAR";"10/04/2024 16:04:18";"10/04/2024 16:04:48";0
"CENTRAL AGUIAR";"10/04/2024 16:05:48";"10/04/2024 16:06:18";1
"CENTRAL AGUIAR";"10/04/2024 16:08:18";"10/04/2024 16:08:48";0
"CENTRAL AGUIAR";"10/04/2024 16:12:18";"10/04/2024 16:12:48";0
"CENTRAL AGUIAR";"10/04/2024 16:16:18";"10/04/2024 16:16:48";0
"CENTRAL AGUIAR";"10/04/2024 16:20:19";"10/04/2024 16:20:49";0
"CENTRAL AGUIAR";"10/04/2024 16:24:18";"10/04/2024 16:24:48";0
"CENTRAL AGUIAR";"10/04/2024 16:28:18";"10/04/2024 16:28:49";0
"CENTRAL AGUIAR";"10/04/2024 16:32:18";"10/04/2024 16:32:48";0
"CENTRAL AGUIAR";"10/04/2024 16:36:19";"10/04/2024 16:36:49";0
"CENTRAL AGUIAR";"10/04/2024 16:37:48";"10/04/2024 16:38:18";1
"CENTRAL AGUIAR";"10/04/2024 16:40:19";"10/04/2024 16:40:49";0
"CENTRAL AGUIAR";"10/04/2024 16:44:19";"10/04/2024 16:44:49";0
"CENTRAL AGUIAR";"10/04/2024 16:51:19";"10/04/2024 16:51:49";0
"CENTRAL AGUIAR";"10/04/2024 16:55:19";"10/04/2024 16:55:49";0
"CENTRAL AGUIAR";"10/04/2024 16:59:19";"10/04/2024 16:59:49";0
"CENTRAL AGUIAR";"10/04/2024 17:04:19";"10/04/2024 17:04:49";0
"CENTRAL AGUIAR";"10/04/2024 17:08:20";"10/04/2024 17:08:50";0
"CENTRAL AGUIAR";"10/04/2024 17:12:19";"10/04/2024 17:12:49";0
"CENTRAL AGUIAR";"10/04/2024 17:16:19";"10/04/2024 17:16:49";0
"CENTRAL AGUIAR";"10/04/2024 17:20:19";"10/04/2024 17:20:49";0
"CENTRAL AGUIAR";"10/04/2024 17:21:49";"10/04/2024 17:22:19";1
"CENTRAL AGUIAR";"10/04/2024 17:24:19";"10/04/2024 17:24:49";0
"CENTRAL AGUIAR";"10/04/2024 17:28:19";"10/04/2024 17:28:49";0
"CENTRAL AGUIAR";"10/04/2024 17:32:20";"10/04/2024 17:32:50";0
"CENTRAL AGUIAR";"10/04/2024 17:36:20";"10/04/2024 17:36:50";0
"CENTRAL AGUIAR";"10/04/2024 17:40:20";"10/04/2024 17:40:50";0
"CENTRAL AGUIAR";"10/04/2024 17:44:20";"10/04/2024 17:44:50";0
"CENTRAL AGUIAR";"10/04/2024 17:48:20";"10/04/2024 17:48:50";0
"CENTRAL AGUIAR";"10/04/2024 17:52:20";"10/04/2024 17:52:50";0
"CENTRAL AGUIAR";"10/04/2024 17:56:20";"10/04/2024 17:56:50";0
"CENTRAL AGUIAR";"11/04/2024 09:09:35";"11/04/2024 09:10:05";1
"CENTRAL AGUIAR";"11/04/2024 09:38:35";"11/04/2024 09:39:05";1
"CENTRAL AGUIAR";"11/04/2024 09:42:36";"11/04/2024 09:43:06";1
"CENTRAL AGUIAR";"11/04/2024 09:46:36";"11/04/2024 09:47:06";1
"CENTRAL AGUIAR";"11/04/2024 09:50:36";"11/04/2024 09:51:06";1
"CENTRAL AGUIAR";"11/04/2024 09:54:36";"11/04/2024 09:55:06";1
"CENTRAL AGUIAR";"11/04/2024 09:58:36";"11/04/2024 09:59:06";1
"CENTRAL AGUIAR";"11/04/2024 10:18:37";"11/04/2024 10:19:07";1
"CENTRAL AGUIAR";"11/04/2024 10:35:37";"11/04/2024 10:36:07";1
"CENTRAL AGUIAR";"11/04/2024 10:39:37";"11/04/2024 10:40:07";1
"CENTRAL AGUIAR";"11/04/2024 10:43:37";"11/04/2024 10:44:07";1
"CENTRAL AGUIAR";"11/04/2024 10:55:38";"11/04/2024 10:56:08";1
"CENTRAL AGUIAR";"11/04/2024 11:12:38";"11/04/2024 11:13:08";1
"CENTRAL AGUIAR";"11/04/2024 11:16:38";"11/04/2024 11:17:08";1
"CENTRAL AGUIAR";"11/04/2024 11:20:38";"11/04/2024 11:21:08";1
"CENTRAL AGUIAR";"11/04/2024 12:06:39";"11/04/2024 12:07:09";1
"CENTRAL AGUIAR";"11/04/2024 12:26:39";"11/04/2024 12:27:09";1
"CENTRAL AGUIAR";"11/04/2024 12:30:40";"11/04/2024 12:31:10";1
"CENTRAL AGUIAR";"11/04/2024 12:46:41";"11/04/2024 12:47:10";1
"CENTRAL AGUIAR";"11/04/2024 12:50:41";"11/04/2024 12:51:10";1
"CENTRAL AGUIAR";"11/04/2024 12:58:41";"11/04/2024 12:59:11";1
"CENTRAL AGUIAR";"11/04/2024 13:05:11";"11/04/2024 13:05:43";0
"CENTRAL AGUIAR";"11/04/2024 13:30:13";"11/04/2024 13:30:44";0
"CENTRAL AGUIAR";"11/04/2024 13:34:13";"11/04/2024 13:34:43";0
"CENTRAL AGUIAR";"11/04/2024 13:39:13";"11/04/2024 13:39:44";0
"CENTRAL AGUIAR";"11/04/2024 13:43:14";"11/04/2024 13:43:44";0
"CENTRAL AGUIAR";"11/04/2024 13:47:14";"11/04/2024 13:47:44";0
"CENTRAL AGUIAR";"11/04/2024 13:48:43";"11/04/2024 13:49:13";1
"CENTRAL AGUIAR";"11/04/2024 13:51:14";"11/04/2024 13:51:44";0
"CENTRAL AGUIAR";"11/04/2024 13:55:14";"11/04/2024 13:55:44";0
"CENTRAL AGUIAR";"11/04/2024 13:59:14";"11/04/2024 13:59:44";0
"CENTRAL AGUIAR";"11/04/2024 14:03:14";"11/04/2024 14:03:44";0
"CENTRAL AGUIAR";"11/04/2024 14:07:14";"11/04/2024 14:07:44";0
"CENTRAL AGUIAR";"11/04/2024 14:11:14";"11/04/2024 14:11:44";0
"CENTRAL AGUIAR";"11/04/2024 14:15:14";"11/04/2024 14:15:44";0
"CENTRAL AGUIAR";"11/04/2024 14:19:14";"11/04/2024 14:19:44";0
"CENTRAL AGUIAR";"11/04/2024 14:23:14";"11/04/2024 14:23:44";0
"CENTRAL AGUIAR";"11/04/2024 14:28:14";"11/04/2024 14:28:44";0
"CENTRAL AGUIAR";"11/04/2024 14:32:14";"11/04/2024 14:32:44";0
"CENTRAL AGUIAR";"11/04/2024 14:36:14";"11/04/2024 14:36:44";0
"CENTRAL AGUIAR";"11/04/2024 14:41:15";"11/04/2024 14:41:45";0
"CENTRAL AGUIAR";"11/04/2024 14:45:15";"11/04/2024 14:45:45";0
"CENTRAL AGUIAR";"11/04/2024 14:49:15";"11/04/2024 14:49:45";0
"CENTRAL AGUIAR";"11/04/2024 14:53:15";"11/04/2024 14:53:45";0
"CENTRAL AGUIAR";"11/04/2024 14:57:15";"11/04/2024 14:57:45";0
"CENTRAL AGUIAR";"11/04/2024 15:01:15";"11/04/2024 15:01:45";0
"CENTRAL AGUIAR";"11/04/2024 15:05:30";"11/04/2024 15:06:00";1
"CENTRAL AGUIAR";"11/04/2024 15:06:59";"11/04/2024 15:07:29";1
"CENTRAL AGUIAR";"11/04/2024 15:11:59";"11/04/2024 15:12:29";1
"CENTRAL AGUIAR";"11/04/2024 15:16:00";"11/04/2024 15:16:29";0
"CENTRAL AGUIAR";"11/04/2024 15:20:00";"11/04/2024 15:20:30";0
"CENTRAL AGUIAR";"11/04/2024 15:25:00";"11/04/2024 15:27:16";2
"CENTRAL AGUIAR";"11/04/2024 15:28:45";"11/04/2024 15:29:15";1
"CENTRAL AGUIAR";"11/04/2024 15:32:45";"11/04/2024 15:33:15";1
"CENTRAL AGUIAR";"11/04/2024 15:33:46";"11/04/2024 15:34:16";1
"CENTRAL AGUIAR";"11/04/2024 15:37:45";"11/04/2024 15:38:15";1
"CENTRAL AGUIAR";"11/04/2024 15:41:45";"11/04/2024 15:42:15";1
"CENTRAL AGUIAR";"11/04/2024 15:45:45";"11/04/2024 15:46:15";1
"CENTRAL AGUIAR";"11/04/2024 15:49:46";"11/04/2024 15:50:16";1
"CENTRAL AGUIAR";"11/04/2024 15:53:46";"11/04/2024 15:54:16";1
"CENTRAL AGUIAR";"11/04/2024 16:05:46";"11/04/2024 16:06:16";1
"CENTRAL AGUIAR";"11/04/2024 16:09:46";"11/04/2024 16:10:16";1
"CENTRAL AGUIAR";"11/04/2024 16:13:46";"11/04/2024 16:14:16";1
"CENTRAL AGUIAR";"11/04/2024 16:17:47";"11/04/2024 16:18:17";1
"CENTRAL AGUIAR";"11/04/2024 16:21:46";"11/04/2024 16:22:16";1
"CENTRAL AGUIAR";"11/04/2024 16:26:47";"11/04/2024 16:27:17";1
"CENTRAL AGUIAR";"11/04/2024 16:31:47";"11/04/2024 16:32:17";1
"CENTRAL AGUIAR";"11/04/2024 16:35:47";"11/04/2024 16:36:17";1
"CENTRAL AGUIAR";"11/04/2024 16:39:47";"11/04/2024 16:40:17";1
"CENTRAL AGUIAR";"11/04/2024 16:43:47";"11/04/2024 16:44:17";1
"CENTRAL AGUIAR";"11/04/2024 16:55:47";"11/04/2024 16:56:17";1
"CENTRAL AGUIAR";"11/04/2024 16:59:47";"11/04/2024 17:00:17";1
"CENTRAL AGUIAR";"11/04/2024 17:03:47";"11/04/2024 17:04:17";1
"CENTRAL AGUIAR";"11/04/2024 17:07:47";"11/04/2024 17:08:17";1
"CENTRAL AGUIAR";"11/04/2024 17:15:48";"11/04/2024 17:16:17";1
"CENTRAL AGUIAR";"11/04/2024 17:19:48";"11/04/2024 17:20:18";1
"CENTRAL AGUIAR";"11/04/2024 17:23:48";"11/04/2024 17:24:18";1
"CENTRAL AGUIAR";"11/04/2024 17:28:48";"11/04/2024 17:29:18";1
"CENTRAL AGUIAR";"11/04/2024 17:32:48";"11/04/2024 17:33:18";1
"CENTRAL AGUIAR";"11/04/2024 17:36:48";"11/04/2024 17:37:18";1
"CENTRAL AGUIAR";"11/04/2024 17:40:48";"11/04/2024 17:41:18";1
"CENTRAL AGUIAR";"11/04/2024 17:43:49";"11/04/2024 17:44:19";1
"CENTRAL AGUIAR";"11/04/2024 17:44:48";"11/04/2024 17:45:18";1
"CENTRAL AGUIAR";"11/04/2024 17:45:49";"11/04/2024 17:46:18";1
"CENTRAL AGUIAR";"11/04/2024 17:48:48";"11/04/2024 17:49:18";1
"CENTRAL AGUIAR";"11/04/2024 17:52:48";"11/04/2024 17:53:18";1
"CENTRAL AGUIAR";"11/04/2024 17:56:48";"11/04/2024 17:57:18";1
"CENTRAL AGUIAR";"12/04/2024 08:59:36";"12/04/2024 09:00:06";1
"CENTRAL AGUIAR";"12/04/2024 09:03:36";"12/04/2024 09:04:06";1
"CENTRAL AGUIAR";"12/04/2024 09:07:36";"12/04/2024 09:08:06";1
"CENTRAL AGUIAR";"12/04/2024 09:11:36";"12/04/2024 09:12:06";1
"CENTRAL AGUIAR";"12/04/2024 09:15:36";"12/04/2024 09:16:06";1
"CENTRAL AGUIAR";"12/04/2024 09:23:36";"12/04/2024 09:24:06";1
"CENTRAL AGUIAR";"12/04/2024 09:24:37";"12/04/2024 09:25:07";1
"CENTRAL AGUIAR";"12/04/2024 09:28:37";"12/04/2024 09:29:07";1
"CENTRAL AGUIAR";"12/04/2024 09:32:36";"12/04/2024 09:33:06";1
"CENTRAL AGUIAR";"12/04/2024 09:37:37";"12/04/2024 09:38:07";1
"CENTRAL AGUIAR";"12/04/2024 09:41:37";"12/04/2024 09:42:07";1
"CENTRAL AGUIAR";"12/04/2024 09:45:37";"12/04/2024 09:46:07";1
"CENTRAL AGUIAR";"12/04/2024 09:49:37";"12/04/2024 09:50:07";1
"CENTRAL AGUIAR";"12/04/2024 09:53:37";"12/04/2024 09:54:07";1
"CENTRAL AGUIAR";"12/04/2024 09:57:37";"12/04/2024 09:58:07";1
"CENTRAL AGUIAR";"12/04/2024 10:01:37";"12/04/2024 10:02:07";1
"CENTRAL AGUIAR";"12/04/2024 10:05:37";"12/04/2024 10:06:08";1
"CENTRAL AGUIAR";"12/04/2024 10:09:37";"12/04/2024 10:10:07";1
"CENTRAL AGUIAR";"12/04/2024 10:13:37";"12/04/2024 10:14:07";1
"CENTRAL AGUIAR";"12/04/2024 10:17:38";"12/04/2024 10:18:08";1
"CENTRAL AGUIAR";"12/04/2024 10:21:38";"12/04/2024 10:22:08";1
"CENTRAL AGUIAR";"12/04/2024 10:25:38";"12/04/2024 10:26:08";1
"CENTRAL AGUIAR";"12/04/2024 10:29:38";"12/04/2024 10:30:08";1
"CENTRAL AGUIAR";"12/04/2024 10:33:38";"12/04/2024 10:34:08";1
"CENTRAL AGUIAR";"12/04/2024 10:38:38";"12/04/2024 10:39:08";1
"CENTRAL AGUIAR";"12/04/2024 10:43:38";"12/04/2024 10:44:08";1
"CENTRAL AGUIAR";"12/04/2024 10:47:38";"12/04/2024 10:48:08";1
"CENTRAL AGUIAR";"12/04/2024 10:51:38";"12/04/2024 10:52:08";1
"CENTRAL AGUIAR";"12/04/2024 10:55:38";"12/04/2024 10:56:08";1
"CENTRAL AGUIAR";"12/04/2024 10:59:39";"12/04/2024 11:00:09";1
"CENTRAL AGUIAR";"12/04/2024 11:03:38";"12/04/2024 11:04:08";1
"CENTRAL AGUIAR";"12/04/2024 11:07:39";"12/04/2024 11:08:09";1
"CENTRAL AGUIAR";"12/04/2024 11:11:39";"12/04/2024 11:12:09";1
"CENTRAL AGUIAR";"12/04/2024 11:15:39";"12/04/2024 11:16:09";1
"CENTRAL AGUIAR";"12/04/2024 11:19:39";"12/04/2024 11:20:09";1
"CENTRAL AGUIAR";"12/04/2024 11:23:39";"12/04/2024 11:24:09";1
"CENTRAL AGUIAR";"12/04/2024 11:27:39";"12/04/2024 11:28:09";1
"CENTRAL AGUIAR";"12/04/2024 11:31:39";"12/04/2024 11:32:09";1
"CENTRAL AGUIAR";"12/04/2024 11:35:39";"12/04/2024 11:36:09";1
"CENTRAL AGUIAR";"12/04/2024 11:39:39";"12/04/2024 11:40:09";1
"CENTRAL AGUIAR";"12/04/2024 11:43:39";"12/04/2024 11:44:09";1
"CENTRAL AGUIAR";"12/04/2024 11:47:40";"12/04/2024 11:48:10";1
"CENTRAL AGUIAR";"12/04/2024 11:51:40";"12/04/2024 11:52:10";1
"CENTRAL AGUIAR";"12/04/2024 11:55:40";"12/04/2024 11:56:10";1
"CENTRAL AGUIAR";"12/04/2024 11:56:40";"12/04/2024 11:57:10";1
"CENTRAL AGUIAR";"12/04/2024 12:02:40";"12/04/2024 12:03:10";1
"CENTRAL AGUIAR";"12/04/2024 12:06:40";"12/04/2024 12:07:10";1
"CENTRAL AGUIAR";"12/04/2024 12:11:40";"12/04/2024 12:12:10";1
"CENTRAL AGUIAR";"12/04/2024 12:15:40";"12/04/2024 12:16:10";1
"CENTRAL AGUIAR";"12/04/2024 12:19:40";"12/04/2024 12:20:10";1
"CENTRAL AGUIAR";"12/04/2024 12:23:41";"12/04/2024 12:24:10";1
"CENTRAL AGUIAR";"12/04/2024 12:27:40";"12/04/2024 12:28:10";1
"CENTRAL AGUIAR";"12/04/2024 12:31:40";"12/04/2024 12:33:54";2
"CENTRAL AGUIAR";"12/04/2024 12:37:24";"12/04/2024 12:38:53";1
"CENTRAL AGUIAR";"12/04/2024 12:42:24";"12/04/2024 12:43:53";1
"CENTRAL AGUIAR";"12/04/2024 12:50:23";"12/04/2024 12:50:53";0
"CENTRAL AGUIAR";"12/04/2024 12:54:23";"12/04/2024 12:54:53";0
"CENTRAL AGUIAR";"12/04/2024 12:58:23";"12/04/2024 12:58:53";0
"CENTRAL AGUIAR";"12/04/2024 13:02:23";"12/04/2024 13:02:53";0
"CENTRAL AGUIAR";"12/04/2024 13:06:23";"12/04/2024 13:06:53";0
"CENTRAL AGUIAR";"12/04/2024 13:10:24";"12/04/2024 13:10:54";0
"CENTRAL AGUIAR";"12/04/2024 13:14:24";"12/04/2024 13:14:54";0
"CENTRAL AGUIAR";"12/04/2024 13:18:23";"12/04/2024 13:18:54";0
"CENTRAL AGUIAR";"12/04/2024 13:22:23";"12/04/2024 13:22:53";0
"CENTRAL AGUIAR";"12/04/2024 13:24:58";"12/04/2024 13:26:31";2
"CENTRAL AGUIAR";"12/04/2024 13:29:00";"12/04/2024 13:29:30";0
"CENTRAL AGUIAR";"12/04/2024 13:33:03";"12/04/2024 13:34:49";1
"CENTRAL AGUIAR";"12/04/2024 13:38:19";"12/04/2024 13:38:49";0
"CENTRAL AGUIAR";"12/04/2024 13:42:20";"12/04/2024 13:42:50";0
"CENTRAL AGUIAR";"12/04/2024 13:46:20";"12/04/2024 13:46:50";0
"CENTRAL AGUIAR";"12/04/2024 13:50:24";"12/04/2024 13:52:04";2
"CENTRAL AGUIAR";"12/04/2024 13:55:29";"12/04/2024 13:56:27";1
"CENTRAL AGUIAR";"12/04/2024 13:56:56";"12/04/2024 13:57:26";1
"CENTRAL AGUIAR";"12/04/2024 14:00:56";"12/04/2024 14:01:26";1
"CENTRAL AGUIAR";"12/04/2024 14:02:28";"12/04/2024 14:03:56";1
"CENTRAL AGUIAR";"12/04/2024 14:05:56";"12/04/2024 14:07:56";2
"CENTRAL AGUIAR";"12/04/2024 14:09:56";"12/04/2024 14:10:26";1
"CENTRAL AGUIAR";"12/04/2024 14:13:56";"12/04/2024 14:14:26";1
"CENTRAL AGUIAR";"12/04/2024 14:17:56";"12/04/2024 14:18:26";1
"CENTRAL AGUIAR";"12/04/2024 14:21:56";"12/04/2024 14:22:26";1
"CENTRAL AGUIAR";"12/04/2024 14:25:56";"12/04/2024 14:26:26";1
"CENTRAL AGUIAR";"12/04/2024 14:33:56";"12/04/2024 14:34:26";1
"CENTRAL AGUIAR";"12/04/2024 14:37:57";"12/04/2024 14:38:27";1
"CENTRAL AGUIAR";"12/04/2024 14:41:57";"12/04/2024 14:42:27";1
"CENTRAL AGUIAR";"12/04/2024 14:46:00";"12/04/2024 14:47:57";1
"CENTRAL AGUIAR";"12/04/2024 14:49:57";"12/04/2024 14:50:27";1
"CENTRAL AGUIAR";"12/04/2024 14:53:57";"12/04/2024 14:54:27";1
"CENTRAL AGUIAR";"12/04/2024 14:55:31";"12/04/2024 14:56:53";1
"CENTRAL AGUIAR";"12/04/2024 14:57:53";"12/04/2024 14:58:23";1
"CENTRAL AGUIAR";"12/04/2024 15:01:26";"12/04/2024 15:01:29";0